1;Ε01Α;Μεταμόσχευση ήπατος;28907;26
2;Ε03Α;Μεταμόσχευση  καρδιάς- πνευμόνων;50379;35
3;Ε04Α;Μεταμοσχεύσεις Πνευμόνων;30015;20
4;Ε05Α;Μεταμόσχευση Καρδιάς;34279;40
5;Ε06Μ;Τραχειοστομία με μηχανική υποστήριξη αναπνοής > 95 ώρες με καταστροφικές συνυπάρχουσες  παθήσεις-επιπλοκές;39863;47
6;Ε06Χα;Τραχειοστομία με  μηχανική υποστήριξη αναπνοής > 95 ώρες χωρίς καταστροφικές συνυπάρχουσες  παθήσεις-επιπλοκές ή τραχειοστομία/(ή)μηχανική υποστήριξη αναπνοής > 95 ώρες με καταστροφικές συνυπάρχουσες  παθήσεις-επιπλοκές;20597;25
7;Ε06Χβ;Μηχανική υποστήριξη αναπνοής > 95 ώρες  χωρίς καταστροφικές συνυπάρχουσες παθήσεις-επιπλοκές;15548;16
8;Ε06Χγ;Τραχειοστομία χωρίς καταστροφικές συνυπάρχουσες παθήσεις-επιπλοκές;8261;15
9;Ε07Α;Αλλογενής μεταμόσχευση μυελού οστών;26508;34
10;Ε08Μ;Αυτόλογη μεταμόσχευση μυελού οστών με καταστροφικές συνυπάρχουσες παθήσεις- επιπλοκές;10017;24
11;Ε08Χ;Αυτόλογη μεταμόσχευση μυελού οστών χωρίς καταστροφικές συνυπάρχουσες παθήσεις- επιπλοκές;3683;10
12;Ε09Α;Μεταμόσχευση νεφρού+παγκρέατος;15346;16
13;Ε09Β;Μεταμόσχευση νεφρού χωρίς μεταμόσχευση παγκρέατος;9669;8
14;Ε09Γ;Μεταμόσχευση παγκρέατος;10706;15
15;Ε10Α;Εμφύτευση συσκευών κοιλιακής υποβοήθησης;94009;54
16;Ε11Μ;Τοποθέτηση εμφυτεύσιμων συσκευών έγχυσης  σπονδυλικής στήλης με  καταστροφικές συνυπάρχουσες παθήσεις- επιπλοκές;10704;15
17;Ε11Χ;Τοποθέτηση εμφυτεύσιμων συσκευών έγχυσης  σπονδυλικής στήλης  χωρίς  καταστροφικές συνυπάρχουσες παθήσεις- επιπλοκές;5302;6
18;Ε12Α;Εμφύτευση συσκευής νευροδιέγερσης;6414;3
19;Ε13Α;Εξωσωματική συσκευή οξυγόνωσης ECMO;37063;31
20;Ν01Μ;Επανεπέμβαση κοιλιακής παροχεύτεσης με καταστροφικές ή σοβαρές συνυπάρχουσες παθήσεις – επιπλοκές;2528;7
21;Ν01Χ;Επανεπέμβαση κοιλιακής παροχεύτεσης χωρίς καταστροφικές ή σοβαρές συνυπάρχουσες παθήσεις – επιπλοκές;1980;5
22;Ν02Μα;Επεμβάσεις κρανίου με καταστροφικές συνυπάρχουσες παθήσεις - επιπλοκές;7730;18
23;Ν02Μβ;Επεμβάσεις κρανίου με σοβαρές συνυπάρχουσες παθήσεις - επιπλοκές;4721;11
24;Ν02Χ;Επεμβάσεις κρανίου χωρίς καταστροφικές ή σοβαρές συνυπάρχουσες παθήσεις - επιπλοκές;3836;7
25;Ν03Μ;Επεμβάσεις σπονδυλικής στήλης με καταστροφικές ή σοβαρές συνυπάρχουσες παθήσεις – επιπλοκές;5914;15
26;Ν03Χ;Επεμβάσεις σπονδυλικής στήλης χωρίς καταστροφικές ή σοβαρές συνυπάρχουσες παθήσεις – επιπλοκές;3990;5
27;Ν04Μ;Εξωκράνιες  αγγειοχειρουργικές επεμβάσεις με καταστροφικές συνυπάρχουσες παθήσεις - επιπλοκές;4267;12
28;Ν04Χ;Εξωκράνιες  αγγειοχειρουργικές επεμβάσεις χωρίς καταστροφικές συνυπάρχουσες παθήσεις - επιπλοκές;2470;4
29;Ν05Α;Αποσυμπίεση καρπιαίου σωλήνα;439;1
30;Ν06Μ;Επεμβάσεις για παράλυση προσωπικού νεύρου, μυϊκή δυστροφία, νευροπάθεια με συνυπάρχουσες παθήσεις - επιπλοκές;3297;13
31;Ν06Χ;Επεμβάσεις για παράλυση προσωπικού νεύρου, μυϊκή δυστροφία, νευροπάθεια χωρίς συνυπάρχουσες παθήσεις - επιπλοκές;969;2
32;Ν07Μ;Επεμβάσεις σε περιφερικά νεύρα και εγκεφαλικές συζυγίες και άλλες επεμβάσεις του νευρικού συστήματος με συνυπάρχουσες παθήσεις - επιπλοκές;2513;9
33;Ν07Χ;Επεμβάσεις σε περιφερικά νεύρα και εγκεφαλικές συζυγίες και άλλες επεμβάσεις του νευρικού συστήματος χωρίς συνυπάρχουσες παθήσεις - επιπλοκές;1110;2
34;Ν10Α;Πλασμαφαίρεση με νευρολογική νόσο-συμμετοχή, την ίδια ημέρα;163;1
35;Ν11Α;Τηλεμετρικός έλεγχος-καταγραφή ηλεκτροεγκεφαλογραφήματος;1331;5
36;Ν12Μ;Διάγνωση νοσήματαoς νευρικού συστήματος με υποστήριξη αναπνευστήρα με καταστροφικές συνυπάρχουσες παθήσεις - επιπλοκές;5390;13
37;Ν12Χ;Διάγνωση νoσήματος  νευρικού συστήματος με υποστήριξη αναπνευστήρα χωρίς καταστροφικές συνυπάρχουσες παθήσεις - επιπλοκές;3720;7
38;Ν20Μ;Οξεία εμφάνιση παραπληγίας/τετραπληγίας με ή χωρίς χειρουργικές επεμβάσεις με καταστροφικές συνυπάρχουσες παθήσεις - επιπλοκές;6919;25
39;Ν20Χ;Οξεία εμφάνιση παραπληγίας / τετραπληγίας με ή χωρίς χειρουργικές επεμβάσεις χωρίς καταστροφικές συνυπάρχουσες παθήσεις - επιπλοκές;2576;10
40;Ν21Μ;Καταστάσεις νωτιαίου μυελού με ή χωρίς χειρουργικές επεμβάσεις με καταστροφικές ή σοβαρές συνυπάρχουσες παθήσεις – επιπλοκές;4960;16
41;Ν21Χ;Καταστάσεις νωτιαίου μυελού με ή χωρίς χειρουργικές επεμβάσεις χωρίς καταστροφικές ή σοβαρές συνυπάρχουσες παθήσεις – επιπλοκές;1885;5
42;Ν22Α;Αφαίρεση- εξωσωματική θεραπεία αίματος;243;1
43;Ν23Α;Άνοια (ανοικτή συνδρομή)  και άλλες χρόνιες δυσλειτουργίες της εγκεφαλικής λειτουργίας;2109;13
44;Ν24Μ;Παραλήρημα /Διέγερση με καταστροφικές συνυπάρχουσες παθήσεις - επιπλοκές;2389;13
45;Ν24Χ;Παραλήρημα /Διέγερση με /χωρίς καταστροφικές συνυπάρχουσες παθήσεις - επιπλοκές;1159;6
46;Ν25Α;Εγκεφαλική παράλυση;482;2
47;Ν26Μ;Νεοπλάσματα νευρικού συστήματος με καταστροφικές ή σοβαρές συνυπάρχουσες παθήσεις – επιπλοκές;2062;9
48;Ν26Χ;Νεοπλάσματα νευρικού συστήματος χωρίς καταστροφικές ή σοβαρές συνυπάρχουσες παθήσεις – επιπλοκές;872;4
49;Ν27Μα;Εκφυλιστικά νοσήματα-διαταραχές νευρικού συστήματος με καταστροφικές ή σοβαρές συνυπάρχουσες παθήσεις – επιπλοκές;2529;13
50;Ν27Μβ;Εκφυλιστικά νοσήματα -διαταραχές νευρικού συστήματος με μεσαίας βαρύτητας συνυπάρχουσες παθήσεις – επιπλοκές;1307;8
51;Ν27Χ;Εκφυλιστικά νοσήματα (διαταραχές) νευρικού συστήματος χωρίς συνυπάρχουσες παθήσεις – επιπλοκές;482;3
52;Ν28Μ;Σκλήρυνση κατά πλάκας και παρεγκεφαλιδική αταξία με συνυπάρχουσες παθήσεις - επιπλοκές;1907;9
53;Ν68Χ;Σκλήρυνση κατά πλάκας και παρεγκεφαλιδική αταξία χωρίς συνυπάρχουσες παθήσεις - επιπλοκές;565;2
54;Ν29Μ;Παροδικό εγκεφαλικό ισχαιμικό επεισόδιο και προεγκεφαλιδική απόφραξη με καταστροφικές ή σοβαρές συνυπάρχουσες παθήσεις – επιπλοκές;1230;6
55;Ν29Χ;Παροδικό ισχαιμικό επεισόδιο και προεγκεφαλιδική απόφραξη χωρίς καταστροφικές ή σοβαρές συνυπάρχουσες παθήσεις – επιπλοκές;545;3
56;Ν30Α;Αγγειακό εγκεφαλικό επεισόδιο και άλλες αγγειακές εγκεφαλικές δυσλειτουργίες, ασθενούς που κατέληξε ή διακοσμήθηκε σε <5ημέρες;420;2
57;Ν30Μα;Αγγειακό εγκεφαλικό επεισόδιο και άλλες αγγειακές εγκεφαλικές δυσλειτουργίες με καταστροφικές συνυπάρχουσες παθήσεις - επιπλοκές;3408;17
58;Ν30Μβ;Αγγειακό εγκεφαλικό επεισόδιο και άλλες αγγειακές εγκεφαλικές δυσλειτουργίες με σοβαρές συνυπάρχουσες παθήσεις - επιπλοκές;1860;9
59;Ν30Χ;Αγγειακό εγκεφαλικό επεισόδιο και άλλες αγγειακές εγκεφαλικές δυσλειτουργίες χωρίς καταστροφικές ή σοβαρές συνυπάρχουσες παθήσεις - επιπλοκές;1191;6
60;Ν31Μ;Δυσλειτουργίες κρανιακών ή περιφερικών νεύρων με συνυπάρχουσες παθήσεις - επιπλοκές;1510;7
61;Ν31Χ;Δυσλειτουργίες κρανιακών ή περιφερικών νεύρων χωρίς συνυπάρχουσες παθήσεις - επιπλοκές;280;2
62;Ν32Μ;Λοίμωξη νευρικού συστήματος εκτός από ιογενή μηνιγγίτιδα με καταστροφικές ή σοβαρές συνυπάρχουσες παθήσεις – επιπλοκές;3175;14
63;Ν32Χ;Λοίμωξη νευρικού συστήματος εκτός από ιογενή μηνιγγίτιδα χωρίς καταστροφικές ή σοβαρές συνυπάρχουσες παθήσεις – επιπλοκές;1183;5
64;Ν33Α;Ιογενής μηνιγγίτιδα;739;3
65;Ν34Χ;Μη τραυματικής αιτιολογίας βυθιότητα-λήθαργος και κώμα με συνυπάρχουσες παθήσεις – επιπλοκές;1012;5
66;Ν34Χ;Μη τραυματικής αιτιολογίας βυθιότητα-λήθαργος και κώμα χωρίς συνυπάρχουσες παθήσεις – επιπλοκές;374;2
67;Ν35Α;Πυρετικοί σπασμοί;350;1
68;Ν36Μ;Σπασμοί με καταστροφικές συνυπάρχουσες παθήσεις - επιπλοκές;1486;6
69;Ν36Χ;Σπασμοί χωρίς καταστροφικές συνυπάρχουσες παθήσεις - επιπλοκές;482;2
70;Ν37Α;Κεφαλαλγία;335;2
71;Ν38Μ;Ενδοκρανιακή (κρανιοεγκεφαλική) κάκωση με καταστροφικές ή σοβαρές συνυπάρχουσες παθήσεις – επιπλοκές;2327;10
72;Ν38Χ;Ενδοκρανιακή (κρανιοεγκεφαλική)  κάκωση χωρίς καταστροφικές ή σοβαρές συνυπάρχουσες παθήσεις – επιπλοκές;879;4
73;Ν39Μ;Κατάγματα κρανίου με καταστροφικές ή σοβαρές συνυπάρχουσες παθήσεις – επιπλοκές;1323;5
74;Ν39Χ;Κατάγματα κρανίου χωρίς καταστροφικές ή σοβαρές συνυπάρχουσες παθήσεις – επιπλοκές;537;7
75;Ν40Α;Άλλες κακώσεις κεφαλής;272;1
76;Ν41Μ;Άλλες διαταραχές του νευρικού συστήματος με καταστροφικές ή σοβαρές συνυπάρχουσες παθήσεις – επιπλοκές;1837;10
77;Ν41Χ;Άλλες διαταραχές του νευρικού συστήματος χωρίς καταστροφικές ή σοβαρές συνυπάρχουσες παθήσεις – επιπλοκές;693;3
78;Ν42Μα;Χρόνια και μη διευκρινισμένη παραπληγία/ τετραπληγία με ή χωρίς χειρουργικές επεμβάσεις με  καταστροφικές συνυπάρχουσες παθήσεις – επιπλοκές;5805;23
79;Ν82Μβ;Χρόνια και μη διευκρινισμένη παραπληγία/ τετραπληγία με ή χωρίς χειρουργικές επεμβάσεις με  σοβαρές συνυπάρχουσες παθήσεις – επιπλοκές;2475;11
80;Ν82Χ;Χρόνια και μη διευκρινισμένη παραπληγία/ τετραπληγία με ή χωρίς χειρουργικές επεμβάσεις χωρίς καταστροφικές/σοβαρές συνυπάρχουσες παθήσεις – επιπλοκές;1416;6
81;Ο01Α;Επεμβάσεις για διατρηταίνοντες τραυματισμούς των οφθαλμών;1395;3
82;Ο02Α;Εκπυρήνωση-εξόρυξη  και επεμβάσεις οφθαλμικού κόγχου;1611;3
83;Ο03Α;Επεμβάσεις αμφιβληστροειδούς;837;1
84;Ο04Α;Σοβαρές επεμβάσεις κερατοειδούς, σκληρού και επιπεφυκότα;1356;3
85;Ο05Α;Ασκορυνοστομία;896;1
86;Ο10Α;Επεμβάσεις Στραβισμού;650;1
87;Ο11Α;Επεμβάσεις βλεφάρων;639;1
88;Ο12Α;Λοιπές επεμβάσεις κερατοειδούς, σκληρού και επιπεφυκότα;583;1
89;Ο13Α;Επεμβάσεις δακρυϊκής συσκευής;336;1
90;Ο14Α;Λοιπές επεμβάσεις οφθαλμού;406;2
91;Ο15Α;Επεμβάσεις γλαυκώματος και περίπλοκες επεμβάσεις καταρράκτη;1026;2
92;Ο15Β;Επεμβάσεις γλαυκώματος και περίπλοκες επεμβάσεις καταρράκτη την ίδια μέρα;687;1
93;Ο16Α;Επεμβάσεις φακού (από καταράκτη κλπ);592;1
94;Ο17Α;Μεταμοσχεύσεις Κερατοειδούς;2423;10
95;Ο20Μ;Επεμβάσεις για οξείες και μείζονες Λοιμώξεις του οφθαλμού με συνυπάρχουσες παθήσεις- επιπλοκές;1860;8
96;Ο20Χ;Επεμβάσεις για οξείες και μείζονες Λοιμώξεις του οφθαλμού χωρίς συνυπάρχουσες παθήσεις- επιπλοκές;1035;4
97;Ο21Μ;Νευρολογικές και αγγειακές δυσλειτουργίες του οφθαλμού με συνυπάρχουσες παθήσεις- επιπλοκές;934;5
98;Ο61Χ;Νευρολογικές και αγγειακές δυσλειτουργίες του οφθαλμού χωρίς συνυπάρχουσες παθήσεις- επιπλοκές;482;2
99;Ο22Α;Ύφαιμα και  ιατρική αντιμετώπιση τραυματισμών του οφθαλμού;327;2
100;Ο23Α;Λοιπές δυσλειτουργίες οφθαλμού;420;2
101;Ω02Μα;Επεμβάσεις κεφαλής και τραχήλου με καταστροφικές η σοβαρές συνυπάρχουσες παθήσεις;5420;11
102;Ω02Μβ;Επεμβάσεις κεφαλής και τραχήλου με κακοήθεια ή μετριοπαθείς συνυπάρχουσες παθήσεις;2570;4
103;Ω02Χ;Επεμβάσεις κεφαλής και τραχήλου χωρίς κακοήθεια χωρίς μετριοπαθείς συνυπάρχουσες παθήσεις;1609;2
104;Ω03Α;Χειρουργική διόρθωση ή επισκευή παθήσεων του λαγώχειλου ή λυκοστόματος;1281;2
105;Ω04Μ;Γναθοχειρουργική με συνυπάρχουσες παθήσεις-επιπλοκές;3125;4
106;Ω04Χ;Γναθοχειρουργική χωρίς συνυπάρχουσες παθήσεις-επιπλοκές;1934;2
107;Ω05Α;Επεμβάσεις της παρωτίδος;1859;2
108;Ω06Α;Επεμβάσεις παραρηνίων κόλπων και σύνθετες επεμβάσεις μέσου ωτός;1125;1
109;Ω10Α;Επεμβάσεις ρινικές;787;1
110;Ω11Α;Αμυγδαλεκτομές και / ή Αδενοηδεκτομές;526;1
111;Ω12Α;Άλλες επεμβάσεις του ΩΡΛ και στόματος;946;1
112;Ω13Α;Τυμπανοτωμή ( Μυριγγεκτομή )  με εισαγωγή σωλήνα;347;1
113;Ω14Α;Επεμβάσεις του στόματος και σιαλογόνων αδένων;740;2
114;Ω15Α;Επεμβάσεις μαστοειδούς;2145;2
115;Ω20Α;Οδοντικές εξαγωγές και αποκαταστάσεις;557;1
116;Ω30Μ;Κακοήθεια ΩΡΛ και στόματος με καταστροφικές ή σοβαρές συνυπάρχουσες παθήσεις;2288;9
117;Ω30Χ;Κακοήθεια ΩΡΛ και στόματος με καταστροφικές χωρίς σοβαρές συνυπάρχουσες παθήσεις;545;2
118;Ω31Α;Ίλλιγγος;444;2
119;Ω32Α;Ρινορραγία;358;2
120;Ω33Α;Μέση ωτίτιδα και λοιμώξεις του ανώτερου αναπνευστικού;397;2
121;Ω34Α;Λαρυγγοτραχειίτιδα και επιγλωττίτις;288;1
122;Ω35Α;Ρινικό τραύμα και δυσμορφία;265;1
123;Ω36Μ;Άλλες διαγνώσεις του ΩΡΛ και στόματος με συνυπάρχουσες παθήσεις-επιπλοκές;957;4
124;Ω36Χ;Άλλες διαγνώσεις του ΩΡΛ και στόματος χωρίς συνυπάρχουσες παθήσεις-επιπλοκές;243;1
125;Ω37Α;Στοματικές και οδοντικές διαταραχές εκτός από εξαγωγές και αποκαταστάσεις, την ίδια ημέρα;254;1
126;Ω37Β;Στοματικές και οδοντικές διαταραχές εκτός από εξαγωγές και αποκαταστάσεις;661;3
127;Α01Μ;Μείζονες επεμβάσεις θώρακος με καταστροφικές  συνυπάρχουσες παθήσεις- επιπλοκές;4701;15
128;Α01Χ;Μείζονες επεμβάσεις θώρακος χωρίς καταστροφικές  συνυπάρχουσες παθήσεις- επιπλοκές;2712;7
129;Α02Μα;Λοιπές χειρουργικές επεμβάσεις αναπνευστικού συστήματος με καταστροφικές  συνυπάρχουσες παθήσεις- επιπλοκές;3922;16
130;Α02Μβ;Λοιπές χειρουργικές επεμβάσεις αναπνευστικού συστήματος με σοβαρές ή μεσαίας βαρύτητας συνυπάρχουσες παθήσεις - επιπλοκές;1595;5
131;Α02Χ;Λοιπές επεμβάσεις αναπνευστικού συστήματος χωρίς συνυπάρχουσες παθήσεις - επιπλοκές;683;1
132;Α10Μ;Νοσήματα αναπνευστικού συστήματος με μηχανική αναπνευστική υποστήριξη με καταστροφικές συνυπάρχουσες παθήσεις - επιπλοκές;6036;12
133;Α10Χ;Νοσήματα αναπνευστικού συστήματος με μηχανική αναπνευστική υποστήριξη χωρίς καταστροφικές συνυπάρχουσες παθήσεις - επιπλοκές;4627;8
134;Α11Χ;Νοσήματα αναπνευστικού συστήματος χωρίς επεμβατικό μηχανικό αερισμό;3635;12
135;Α12Α;Βρογχοσκόπηση, την ίδια ημέρα;1910;1
136;Α12Μ;Βρογχοσκόπηση με καταστροφικές συνυπάρχουσες παθήσεις - επιπλοκές;3984;17
137;Α12Χ;Βρογχοσκόπηση χωρίς καταστροφικές συνυπάρχουσες παθήσεις - επιπλοκές;1798;7
138;Α20Μ;Κυστική ίνωση με καταστροφικές ή σοβαρές συνυπάρχουσες παθήσεις - επιπλοκές;3696;13
139;Α20Χ;Κυστική ίνωση χωρίς καταστροφικές ή σοβαρές συνυπάρχουσες παθήσεις - επιπλοκές;2638;10
140;Α21Μ;Πνευμονική εμβολή με καταστροφικές συνυπάρχουσες παθήσεις - επιπλοκές;2187;11
141;Α21Χ;Πνευμονική εμβολή χωρίς καταστροφικές συνυπάρχουσες παθήσεις - επιπλοκές;1035;6
142;Α22Μα;Αναπνευστικές λοιμώξεις / φλεγμονές με καταστροφικές συνυπάρχουσες παθήσεις - επιπλοκές;1938;10
143;Α22Μβ;Αναπνευστικές λοιμώξεις/ φλεγμονές με σοβαρές ή μεσαίας βαρύτητας συνυπάρχουσες παθήσεις – επιπλοκές;1144;6
144;Α22Χ;Αναπνευστικές λοιμώξεις/ φλεγμονές χωρίς συνυπάρχουσες παθήσεις – επιπλοκές;630;3
145;Α23Α;Σύνδρομο άπνοιας ύπνου;319;1
146;Α24Μ;Πνευμονικό οίδημα και αναπνευστική ανεπάρκεια με καταστροφικές συνυπάρχουσες παθήσεις - επιπλοκές;1821;8
147;Α24Χ;Πνευμονικό οίδημα και αναπνευστική ανεπάρκεια χωρίς καταστροφικές συνυπάρχουσες παθήσεις - επιπλοκές;949;4
148;Α25Μ;Χρόνια αποφρακτική πνευμονοπάθεια με καταστροφικές συνυπάρχουσες παθήσεις - επιπλοκές;1766;9
149;Α25Χ;Χρόνια αποφρακτική πνευμονοπάθεια χωρίς καταστροφικές συνυπάρχουσες παθήσεις - επιπλοκές;949;5
150;Α26Μα;Μείζον τραύμα Θώρακος με καταστροφικές συνυπάρχουσες παθήσεις - επιπλοκές;2467;12
151;Α26Μβ;Μείζον τραύμα Θώρακος με σοβαρές ή μεσαίας βαρύτητας συνυπάρχουσες παθήσεις – επιπλοκές;1175;5
152;Α26Χ;Μείζον τραύμα Θώρακος με συνυπάρχουσες παθήσεις - επιπλοκές;607;3
153;Α27Μ;Αναπνευστικά σημεία και συμπτώματα με καταστροφικές ή σοβαρές συνυπάρχουσες παθήσεις - επιπλοκές;864;4
154;Α27Χ;Αναπνευστικά σημεία και συμπτώματα χωρίς καταστροφικές ή σοβαρές συνυπάρχουσες παθήσεις - επιπλοκές;350;2
155;Α28Μ;Πνευμοθώρακας με συνυπάρχουσες παθήσεις - επιπλοκές;1377;6
156;Α28Χ;Πνευμοθώρακας χωρίς συνυπάρχουσες παθήσεις - επιπλοκές;623;3
157;Α29Μ;Βρογχίτιδα και άσθμα με συνυπάρχουσες παθήσεις - επιπλοκές;872;4
158;Α29Χ;Βρογχίτιδα και άσθμα χωρίς συνυπάρχουσες παθήσεις - επιπλοκές;397;2
159;Α30Μ;Υλακώδης βήχας και οξεία βρογχιολίτιδα με συνυπάρχουσες παθήσεις - επιπλοκές;1331;5
160;Α30Χ;Υλακώδης βήχας και οξεία βρογχιολίτιδα χωρίς συνυπάρχουσες παθήσεις - επιπλοκές;607;2
161;Α31Μ;Νεοπλάσματα αναπνευστικού με καταστροφικές συνυπάρχουσες παθήσεις - επιπλοκές;1798;9
162;Α31Χ;Νεοπλάσματα αναπνευστικού χωρίς καταστροφικές συνυπάρχουσες παθήσεις - επιπλοκές;910;5
163;Α32Α;Αναπνευστικά προβλήματα αναδυόμενα από τη νεογνική περίοδο;846;4
164;Α33Μα;Πλευριτική συλλογή με καταστροφικές συνυπάρχουσες παθήσεις - επιπλοκές;2023;10
165;Α33Μβ;Πλευριτική συλλογή με σοβαρές ή μεσαίου βαρύτητας συνυπάρχουσες παθήσεις - επιπλοκές;1043;5
166;Α33Χ;Πλευριτική συλλογή χωρίς συνυπάρχουσες παθήσεις - επιπλοκές;607;3
167;Α34Μα;Διάμεση πνευμονική νόσος με καταστροφικές συνυπάρχουσες παθήσεις - επιπλοκές;1977;10
168;Α34Μβ;Διάμεση πνευμονική νόσος με σοβαρές ή μεσαίας βαρύτητας συνυπάρχουσες παθήσεις – επιπλοκές;1393;7
169;Α34Χ;Διάμεση πνευμονική νόσος χωρίς συνυπάρχουσες παθήσεις - επιπλοκές;638;3
170;Α35Μα;Λοιπές διαγνώσεις αναπνευστικού συστήματος με καταστροφικές συνυπάρχουσες παθήσεις - επιπλοκές;1556;8
171;Α35Μβ;Λοιπές διαγνώσεις αναπνευστικού συστήματος με σοβαρές ή μεσαίας βαρύτητας συνυπάρχουσες παθήσεις – επιπλοκές;973;5
172;Α35Χ;Λοιπές διαγνώσεις αναπνευστικού συστήματος χωρίς συνυπάρχουσες παθήσεις - επιπλοκές;475;2
173;Α36Α;Φυματίωση αναπνευστικού;2412;14
174;Κ01Μ;Τοποθέτηση  ή αντικατάσταση  εμφυτεύσιμου απινιδωτή, ολικό σύστημα με καταστροφικές συνυπάρχουσες παθήσεις - επιπλοκές;16215;12
175;Κ01Χ;Τοποθέτηση  ή αντικατάσταση  εμφυτεύσιμου απινιδωτή, ολικό σύστημα χωρίς καταστροφικές συνυπάρχουσες παθήσεις-επιπλοκές;12420;3
176;Κ02Α;Άλλες επεμβάσεις επί εμφυτεύσιμου απινιδωτή;2844;4
177;Κ03Μ;Επεμβάσεις σε καρδιακές βαλβίδες με εξωσωματική κυκλοφορία και με επεμβατικό καρδιακό καθετηριασμό με καταστροφικές συνυπάρχουσες παθήσεις-επιπλοκές;15429;23
178;Κ03Χ;Επεμβάσεις σε καρδιακές βαλβίδες με εξωσωματική κυκλοφορία και με επεμβατικό καρδιακό καθετηριασμό χωρίς καταστροφικές συνυπάρχουσες παθήσεις-επιπλοκές;11734;13
179;Κ04Μ;Επεμβάσεις σε καρδιακές βαλβίδες με εξωσωματική κυκλοφορία χωρίς επεμβατικό καρδιακό καθετηριασμό και με καταστροφικές συνυπάρχουσες παθήσεις-επιπλοκές;13155;14
180;Κ04Χ;Επεμβάσεις σε καρδιακές βαλβίδες με εξωσωματική κυκλοφορία χωρίς επεμβατικό καρδιακό καθετηριασμό και χωρίς καταστροφικές συνυπάρχουσες παθήσεις-επιπλοκές;9163;8
181;Κ05Μ;Αορτοστεφανιαία παράκαμψη με καρδιακό καθετηριασμό με επανεπέμβαση με καταστροφικές συνυπάρχουσες παθήσεις-επιπλοκές;10023;18
182;Κ05Χ;Αορτοστεφανιαία παράκαμψη με καρδιακό καθετηριασμό χωρίς επανεπέμβαση χωρίς καταστροφικές συνυπάρχουσες παθήσεις-επιπλοκές;7270;13
183;Κ06Μ;Αορτοστεφανιαία παράκαμψη χωρίς καρδιακό καθετηριασμό με επανεπέμβαση ή με καταστροφικές / σοβαρές συνυπάρχουσες παθήσεις-επιπλοκές;7182;10
184;Κ06Χ;Αορτοστεφανιαία παράκαμψη χωρίς καρδιακό καθετηριασμό χωρίς επανεπέμβαση χωρίς καταστροφικές συνυπάρχουσες παθήσεις-επιπλοκές;5077;7
185;Κ07Μα;Λοιπές κάρδιο-θώρακοχειρουργικές /αγγειοχειρουργικές επεμβάσεις με εξωσωματική κυκλοφορία με καταστροφικές συνυπάρχουσες παθήσεις-επιπλοκές;10554;12
186;Κ07Μβ;Λοιπές κάρδιο-θώρακοχειρουργικές /αγγειοχειρουργικές επεμβάσεις με εξωσωματική κυκλοφορία με σοβαρές ή μετρίας βαρύτητας συνυπάρχουσες παθήσεις-επιπλοκές;7279;8
187;Κ07Χ;Λοιπές κάρδιο-θώρακοχειρουργικές /αγγειοχειρουργικές επεμβάσεις με εξωσωματική κυκλοφορία χωρίς συνυπάρχουσες παθήσεις-επιπλοκές;5354;7
188;Κ08Μ;Μείζονες επανορθωτικές επεμβάσεις αγγείων χωρίς εξωσωματική κυκλοφορία με καταστροφικές συνυπάρχουσες παθήσεις-επιπλοκές;8956;16
189;Κ08Χ;Μείζονες επανορθωτικές επεμβάσεις αγγείων χωρίς εξωσωματική κυκλοφορία χωρίς καταστροφικές συνυπάρχουσες παθήσεις-επιπλοκές;5561;7
190;Κ09Μα;Λοιπές κάρδιοθωρακικές χειρουργικές επεμβάσεις χωρίς εξωσωματική κυκλοφορία με καταστροφικές συνυπάρχουσες παθήσεις-επιπλοκές;6413;10
191;Κ09Μβ;Άλλες κάρδιο-θώρακοχειρουργικές επεμβάσεις χωρίς εξωσωματική κυκλοφορία με σοβαρής ή μέτριας βαρύτητας συνυπάρχουσες παθήσεις-επιπλοκές;3617;6
192;Κ09Χ;Άλλες κάρδιο-θώρακοχειρουργικές επεμβάσεις χωρίς εξωσωματική κυκλοφορία χωρίς συνυπάρχουσες παθήσεις-επιπλοκές;2386;3
193;Κ10Μ;Επεμβατικές στεφανιαίες επεμβάσεις με ΟΕΜ (οξύ έμφραγμα μυοκαρδίου) με καταστροφικές συνυπάρχουσες παθήσεις-επιπλοκές;4166;8
194;Κ10Χ;Επεμβατικές στεφανιαίες επεμβάσεις με ΟΕΜ (οξύ έμφραγμα μυοκαρδίου) χωρίς καταστροφικές συνυπάρχουσες παθήσεις-επιπλοκές;2724;4
195;Κ11Μ;Ακρωτηριασμός λόγω αγγειακής ισχαιμίας,  πλην άνω άκρου και δακτύλων άκρου ποδός,  με καταστροφικές συνυπάρχουσες παθήσεις-επιπλοκές;7292;27
196;Κ11Χ;Ακρωτηριασμός λόγω αγγειακής ισχαιμίας,  πλην άνω άκρου και δακτύλων άκρου ποδός,  χωρίς καταστροφικές συνυπάρχουσες παθήσεις-επιπλοκές;3223;14
197;Κ12Μ;Τοποθέτηση ή αντικατάσταση βηματοδότη, ολικού συστήματος, με καταστροφικές συνυπάρχουσες παθήσεις-επιπλοκές;5465;11
198;Κ12Χ;Τοποθέτηση ή αντικατάσταση βηματοδότη, ολικού συστήματος χωρίς καταστροφικές συνυπάρχουσες παθήσεις-επιπλοκές;3694;4
199;Κ13Μ;Ακρωτηριασμός άνω άκρου ή δακτύλου άκρου ποδός λόγω νοσήματος κυκλοφορικού με σοβαρού βαθμού ή καταστροφικές συνυπάρχουσες παθήσεις-επιπλοκές;3969;17
200;Κ13Χ;Ακρωτηριασμός άνω άκρου ή δακτύλου άκρου ποδός λόγω καρδιαγγειακού νοσήματος χωρίς σοβαρού βαθμού ή καταστροφικές συνυπάρχουσες παθήσεις-επιπλοκές;1660;7
201;Κ14Μα;Αγγειακές επεμβάσεις, πλην μειζόνων επανορθωτικών επεμβάσεων, χωρίς εξωσωματική κυκλοφορία με καταστροφικές συνυπάρχουσες παθήσεις-επιπλοκές;3569;11
202;Κ14Μβ;Αγγειακές επεμβάσεις, πλην μειζόνων επανορθωτικών επεμβάσεων, χωρίς εξωσωματική κυκλοφορία, με σοβαρού ή μετρίου βαθμού συνυπάρχουσες παθήσεις-επιπλοκές;1991;4
203;Κ14Χ;Αγγειακές επεμβάσεις, πλην μειζόνων επανορθωτικών επεμβάσεων, χωρίς εξωσωματική κυκλοφορία χωρίς συνυπάρχουσες παθήσεις-επιπλοκές;1277;2
204;Κ15Μ;Επεμβατικές στεφανιαίες επεμβάσεις χωρίς ΟΕΜ (οξύ έμφραγμα μυοκαρδίου) με τοποθέτηση ενδοπρόθεσης (stent) με σοβαρού βαθμού ή καταστροφικές συνυπάρχουσες παθήσεις-επιπλοκές;2728;4
205;Κ15Χ;Επεμβατικές στεφανιαίες επεμβάσεις χωρίς ΟΕΜ (οξύ έμφραγμα μυοκαρδίου) με τοποθέτηση ενδοπρόθεσης (stent) χωρίς σοβαρού βαθμού ή καταστροφικές συνυπάρχουσες παθήσεις-επιπλοκές;2013;2
206;Κ16Μ;Επεμβατικές στεφανιαίες επεμβάσεις χωρίς ΟΕΜ (οξύ έμφραγμα μυοκαρδίου) χωρίς τοποθέτηση ενδοπρόθεσης (stent) με συνυπάρχουσες παθήσεις-επιπλοκές;1531;3
207;Κ16Χ;Επεμβατικές μέθοδοι στα στεφανιαία χωρίς ΟΕΜ (οξύ έμφραγμα μυοκαρδίου) χωρίς τοποθέτηση ενδοπρόθεσης (stent) χωρίς συνυπάρχουσες παθήσεις-επιπλοκές;1118;2
208;Κ17Μ;Τοποθέτηση ή αντικατάσταση γεννήτριας βηματοδότη με σοβαρού βαθμού ή καταστροφικές συνυπάρχουσες παθήσεις-επιπλοκές;2892;5
209;Κ17Χ;Τοποθέτηση ή αντικατάσταση γεννήτριας βηματοδότη χωρίς  σοβαρού βαθμού ή καταστροφικές συνυπάρχουσες παθήσεις-επιπλοκές;2617;1
210;Κ18Μ;Λοιπές επεμβάσεις με βηματοδότη με συνυπάρχουσες παθήσεις-επιπλοκές;2226;7
211;Κ18Χ;Λοιπές επεμβάσεις με βηματοδότη χωρίς συνυπάρχουσες παθήσεις-επιπλοκές;1146;2
212;Κ19Α;Διαδερμικές ενδοαγγειακές καρδιακές επεμβάσεις;3194;3
213;Κ20Α;Απολίνωση φλέβας;760;1
214;Κ21Μ;Λοιπές επεμβάσεις νοσημάτων κυκλοφορικού με συνυπάρχουσες παθήσεις-επιπλοκές;3680;15
215;Κ21Χ;Λοιπές επεμβάσεις νοσημάτων κυκλοφορικού χωρίς καταστροφικές συνυπάρχουσες παθήσεις-επιπλοκές;1494;4
216;Κ22Α;Αορτικά Βαλβιδοφόρα Μοσχεύματα;7753;15
217;Κ30Μ;Νοσήματα κυκλοφορικού με μηχανική υποστήριξη αναπνοής (αναπνευστήρα)  με καταστροφικές συνυπάρχουσες παθήσεις-επιπλοκές;6295;11
218;Κ30Χ;Νοσήματα κυκλοφορικού με μηχανική υποστήριξη αναπνοής (αναπνευστήρα)  χωρίς καταστροφικές συνυπάρχουσες παθήσεις-επιπλοκές;4470;6
219;Κ31Μ;Νοσήματα κυκλοφορικού με ΟΕΜ  με διαγνωστική επεμβατική καρδιακή τεχνική με σοβαρού βαθμού ή καταστροφικές συνυπάρχουσες παθήσεις-επιπλοκές;2038;8
220;Κ31Χ;παθήσεις-επιπλοκές του κυκλοφορικού με ΟΕΜ  με διαγνωστική επεμβατική καρδιακή τεχνική χωρίς σοβαρού βαθμού ή καταστροφικές συνυπάρχουσες παθήσεις-επιπλοκές;1183;4
221;Κ32Α;παθήσεις-επιπλοκές του κυκλοφορικού χωρίς ΟΕΜ  με διαγνωστική επεμβατική καρδιακή τεχνική, την ίδια ημέρα;1043;1
222;Κ32Μ;παθήσεις-επιπλοκές του κυκλοφορικού χωρίς ΟΕΜ  με διαγνωστική επεμβατική καρδιακή τεχνική με σοβαρού βαθμού ή καταστροφικές συνυπάρχουσες παθήσεις-επιπλοκές;2062;8
223;Κ32Χ;παθήσεις-επιπλοκές του κυκλοφορικού χωρίς ΟΕΜ  με διαγνωστική επεμβατική καρδιακή τεχνική χωρίς σοβαρού βαθμού ή καταστροφικές συνυπάρχουσες παθήσεις-επιπλοκές;1089;3
224;Κ33Α;Διάγνωση κυκλοφορικού με μη επεμβατικό μηχανικό αερισμό;3132;13
225;Κ40Μ;Διαταραχές κυκλοφορικού με ΟΕΜ  χωρίς διαγνωστική επεμβατική καρδιακή τεχνική με καταστροφικές συνυπάρχουσες παθήσεις-επιπλοκές;2000;10
226;Κ40Χ;Διαταραχές κυκλοφορικού με ΟΕΜ  χωρίς διαγνωστική επεμβατική καρδιακή τεχνική χωρίς καταστροφικές συνυπάρχουσες παθήσεις-επιπλοκές;794;3
227;Κ41Μ;Λοιμώδης ενδοκαρδίτιδα με καταστροφικές συνυπάρχουσες παθήσεις-επιπλοκές;4801;22
228;Κ41Χ;Λοιμώδης ενδοκαρδίτιδα χωρίς καταστροφικές συνυπάρχουσες παθήσεις-επιπλοκές;2397;12
229;Κ42Μ;Καρδιακή ανεπάρκεια και καταπληξία (SCHOCK) με καταστροφικές συνυπάρχουσες παθήσεις;2054;10
230;Κ42Χ;Καρδιακή ανεπάρκεια και καταπληξία (SCHOCK) χωρίς καταστροφικές συνυπάρχουσες παθήσεις;934;5
231;Κ43Μ;Φλεβοθρόμβωση με σοβαρού βαθμού ή καταστροφικές συνυπάρχουσες παθήσεις-επιπλοκές;1471;8
232;Κ33Χ;Φλεβοθρόμβωση χωρίς σοβαρού βαθμού ή καταστροφικές συνυπάρχουσες παθήσεις-επιπλοκές;669;5
233;Κ34Μ;Δερματικά έλκη σε παθήσεις-επιπλοκές κυκλοφορικού με σοβαρού βαθμού ή καταστροφικές συνυπάρχουσες παθήσεις-επιπλοκές;2233;13
234;Κ34Χ;Δερματικά έλκη σε παθήσεις-επιπλοκές κυκλοφορικού χωρίς σοβαρού βαθμού ή καταστροφικές συνυπάρχουσες παθήσεις-επιπλοκές;981;5
235;Κ35Μ;Περιφερική αγγειοπάθεια με σοβαρού βαθμού ή καταστροφικές συνυπάρχουσες παθήσεις-επιπλοκές;1502;7
236;Κ35Χ;Περιφερική αγγειοπάθεια χωρίς σοβαρού βαθμού ή καταστροφικές συνυπάρχουσες παθήσεις-επιπλοκές;521;2
237;Κ36Μ;Αθηρωμάτωση στεφανιαίων αρτηριών με σοβαρού βαθμού ή καταστροφικές συνυπάρχουσες παθήσεις-επιπλοκές;957;5
238;Κ36Χ;Αθηρωμάτωση στεφανιαίων αρτηριών χωρίς σοβαρού βαθμού ή καταστροφικές συνυπάρχουσες παθήσεις-επιπλοκές;374;2
239;Κ37Μ;Αρτηριακή υπέρταση με σοβαρού βαθμού ή καταστροφικές συνυπάρχουσες παθήσεις-επιπλοκές;1198;6
240;Κ37Χ;Αρτηριακή υπέρταση χωρίς σοβαρού βαθμού ή καταστροφικές συνυπάρχουσες παθήσεις-επιπλοκές;459;2
241;Κ38Μ;Συγγενής καρδιοπάθεια με συνυπάρχουσες παθήσεις-επιπλοκές;1284;4
242;Κ38Χ;Συγγενής καρδιοπάθεια χωρίς συνυπάρχουσες παθήσεις-επιπλοκές;627;1
243;Κ39Μ;Βαλβιδοπάθειες με σοβαρού βαθμού ή καταστροφικές συνυπάρχουσες παθήσεις-επιπλοκές;1268;6
244;Κ39Χ;Βαλβιδοπάθειες χωρίς σοβαρού βαθμού ή καταστροφικές συνυπάρχουσες παθήσεις-επιπλοκές;327;2
245;Κ42Μ;Ασταθής στηθάγχη με σοβαρού βαθμού ή καταστροφικές συνυπάρχουσες παθήσεις-επιπλοκές;942;4
246;Κ42Χ;Ασταθής στηθάγχη χωρίς σοβαρού βαθμού ή καταστροφικές συνυπάρχουσες παθήσεις-επιπλοκές;467;2
247;Κ43Μ;Συγκοπή και λιποθυμία με σοβαρού βαθμού ή καταστροφικές συνυπάρχουσες παθήσεις-επιπλοκές;1113;6
248;Κ43Χ;Συγκοπή και λιποθυμία χωρίς σοβαρού βαθμού ή καταστροφικές συνυπάρχουσες παθήσεις-επιπλοκές;397;2
249;Κ44Α;Θωρακικό άλγος;311;1
250;Κ45Μα;Λοιπές παθήσεις-επιπλοκές κυκλοφορικού  με καταστροφικές συνυπάρχουσες παθήσεις-επιπλοκές;2428;10
251;Κ45Μβ;Λοιπές παθήσεις-επιπλοκές κυκλοφορικού  με μετρίου ή σοβαρού βαθμού συνυπάρχουσες παθήσεις-επιπλοκές;1019;4
252;Κ45Χ;Λοιπές παθήσεις-επιπλοκές κυκλοφορικού  χωρίς συνυπάρχουσες παθήσεις-επιπλοκές;521;2
253;Κ46Μ;Αρρυθμία, καρδιακή ανακοπή και διαταραχές  αγωγιμότητας με σοβαρού βαθμού ή καταστροφικές συνυπάρχουσες παθήσεις-επιπλοκές;1245;6
254;Κ46Χ;Αρρυθμία, καρδιακή ανακοπή και διαταραχές αγωγιμότητας χωρίς σοβαρού βαθμού ή καταστροφικές συνυπάρχουσες παθήσεις-επιπλοκές;444;2
255;Κ47Α;Κατάλυση αρρυθμιογόνων εστιών;2423;6
256;Π01Μ;Εκτομή ορθού με καταστροφικές  συνυπάρχουσες παθήσεις - επιπλοκές;6489;18
257;Π01Χ;Εκτομή ορθού χωρίς καταστροφικές  συνυπάρχουσες παθήσεις - επιπλοκές;3857;9
258;Π02Μ;Μείζονες επεμβάσεις λεπτού και παχέος εντέρου με καταστροφικές  συνυπάρχουσες παθήσεις - επιπλοκές;5741;17
259;Π02Χ;Μείζονες επεμβάσεις λεπτού και παχέος εντέρου χωρίς καταστροφικές  συνυπάρχουσες παθήσεις - επιπλοκές;2771;8
260;Π03Μ;Επεμβάσεις στομάχου, οισοφάγου και δωδεκαδακτύλου με κακοήθεια ή με καταστροφικές  συνυπάρχουσες παθήσεις - επιπλοκές;6908;17
261;Π03Χα;Επεμβάσεις στομάχου, οισοφάγου και δωδεκαδάκτυλου χωρίς κακοήθεια και σοβαρές ή μεσαίας βαρύτητας  συνυπάρχουσες παθήσεις - επιπλοκές;2826;8
262;Π03Χβ;Επεμβάσεις στομάχου, οισοφάγου και δωδεκαδάκτυλου χωρίς κακοήθεια χωρίς συνυπάρχουσες παθήσεις - επιπλοκές;1813;4
263;Π04Μα;Λύση περιτοναϊκών συμφύσεων με καταστροφικές  συνυπάρχουσες παθήσεις - επιπλοκές;4847;16
264;Π04Μβ;Λύση περιτοναϊκών συμφύσεων με σοβαρές ή μεσαίας βαρύτητας συνυπάρχουσες παθήσεις - επιπλοκές;2710;9
265;Π04Χ;Λύση περιτοναϊκών συμφύσεων χωρίς συνυπάρχουσες παθήσεις - επιπλοκές;1578;4
266;Π05Μα;Μικρές επεμβάσεις λεπτού και παχέος εντέρου με καταστροφικές συνυπάρχουσες παθήσεις - επιπλοκές;3329;12
267;Π05Μβ;Μικρές επεμβάσεις λεπτού και παχέος εντέρου με  σοβαρές ή μεσαίας βαρύτητας  συνυπάρχουσες παθήσεις - επιπλοκές;2085;7
268;Π05Χ;Μικρές επεμβάσεις λεπτού και παχέος εντέρου χωρίς  συνυπάρχουσες παθήσεις - επιπλοκές;1379;4
269;Π06Α;Επεμβάσεις πυλορομυοτομής;1037;3
270;Π07Μ;Σκωληκοειδεκτομή με κακοήθεια ή περιτονίτιδα ή με καταστροφικές ή σοβαρές  συνυπάρχουσες παθήσεις - επιπλοκές;1550;5
271;Π07Χ;Σκωληκοειδεκτομή χωρίς κακοήθεια ή περιτονίτιδα ή χωρίς καταστροφικές ή σοβαρές  συνυπάρχουσες παθήσεις - επιπλοκές;983;2
272;Π10Μ;Επεμβάσεις κηλών (βουβωνοκήλες, ομφαλοκήλες κτλ) με  συνυπάρχουσες παθήσεις - επιπλοκές;1697;5
273;Π10Χ;Επεμβάσεις κηλών (βουβωνοκήλες, ομφαλοκήλες κτλ) χωρίς  συνυπάρχουσες παθήσεις - επιπλοκές;868;1
274;Π11Α;Επεμβάσεις που αφορούν κωλοστομίες και πρωκτό;566;2
275;Π12Μα;Λοιπές Επεμβάσεις πεπτικού συστήματος  με καταστροφικές  συνυπάρχουσες παθήσεις - επιπλοκές;4177;16
276;Π12Μβ;Λοιπές Επεμβάσεις πεπτικού συστήματος  με σοβαρές ή μεσαίας βαρύτητας  συνυπάρχουσες παθήσεις - επιπλοκές;1932;7
277;Π12Χ;Λοιπές Επεμβάσεις πεπτικού συστήματος  χωρίς  συνυπάρχουσες παθήσεις - επιπλοκές;967;3
278;Π26Μ;Συνδυασμένη γαστροσκόπιση με καταστροφικές  συνυπάρχουσες παθήσεις - επιπλοκές;3338;14
279;Π26Χ;Συνδυασμένη γαστροσκόπιση χωρίς καταστροφικές  συνυπάρχουσες παθήσεις - επιπλοκές;1245;5
280;Π26Α;Συνδυασμένη γαστροσκόπιση, την ίδια ημέρα;330;1
281;Π27Μ;Λοιπές επεμβάσεις γαστροσκόπισης με καταστροφικές  συνυπάρχουσες παθήσεις - επιπλοκές;2521;12
282;Π27Χ;Λοιπές επεμβάσεις γαστροσκόπισης χωρίς καταστροφικές  συνυπάρχουσες παθήσεις - επιπλοκές;988;4
283;Π27Α;Λοιπές επεμβάσεις γαστροσκόπισης, την ίδια ημέρα;265;1
284;Π28Μ;Κολονοσκόπιση με καταστροφικές ή σοβαρές  συνυπάρχουσες παθήσεις - επιπλοκές;2062;10
285;Π28Χ;Κολονοσκόπιση χωρίς καταστροφικές ή σοβαρές  συνυπάρχουσες παθήσεις - επιπλοκές;872;4
286;Π28Α;Κολονοσκόπιση, την ίδια ημέρα;290;1
287;Π40Μ;Κακοήθεια του γαστρεντερικού με καταστροφικές  συνυπάρχουσες παθήσεις - επιπλοκές;1673;9
288;Π40Χ;Κακοήθεια του γαστρεντερικού χωρίς καταστροφικές  συνυπάρχουσες παθήσεις - επιπλοκές;677;4
289;Π41Μ;Αιμορραγία γαστρεντερικού με καταστροφικές ή σοβαρές  συνυπάρχουσες παθήσεις - επιπλοκές;1027;5
290;Π41Χ;Αιμορραγία γαστρεντερικού χωρίς καταστροφικές ή σοβαρές  συνυπάρχουσες παθήσεις - επιπλοκές;412;2
291;Π42Α;Επιπεπλεγμένο πεπτικό έλκος;1097;5
292;Π43Α;Μη επιπεπλεγμένο πετικό έλκος;335;2
293;Π44Μ;Φλεγμονώδης νόσος εντέρου με  συνυπάρχουσες παθήσεις - επιπλοκές;1097;5
294;Π44Χ;Φλεγμονώδης νόσος εντέρου χωρίς  συνυπάρχουσες παθήσεις - επιπλοκές;1073;2
295;Π45Μ;Απόφραξη γαστρεντερικού συστήματος με καταστροφικές ή σοβαρές  συνυπάρχουσες παθήσεις - επιπλοκές;1338;7
296;Π45Χ;Απόφραξη γαστρεντερικού συστήματος χωρίς καταστροφικές ή σοβαρές  συνυπάρχουσες παθήσεις - επιπλοκές;623;3
297;Π46Α;Κοιλιακός πόνος ή μεσεντερική αδενίτιδα;327;2
298;Π47Μ;Οισοφαγίτιδα και γαστρεντερίτιδα με καταστροφικές ή σοβαρές  συνυπάρχουσες παθήσεις - επιπλοκές;1121;5
299;Π47Χ;Οισοφαγίτιδα και γαστρεντερίτιδα χωρίς καταστροφικές ή σοβαρές  συνυπάρχουσες παθήσεις - επιπλοκές;335;2
300;Π50Μ;Διάγνωση άλλων παθήσεων του πεπτικού συστήματος με καταστροφικές ή σοβαρές  συνυπάρχουσες παθήσεις - επιπλοκές;1136;6
301;Π50Χ;Διάγνωση άλλων παθήσεων του πεπτικού συστήματος χωρίς καταστροφικές ή σοβαρές  συνυπάρχουσες παθήσεις - επιπλοκές;374;2
302;Η01Μ;Αναστομώσεις πυλαίας-κάτω κοίλης, επεμβάσεις παγκρέατος, ήπατος και παρακάμψεις με καταστροφικές  συνυπάρχουσες παθήσεις - επιπλοκές;7916;19
303;Η01Χ;Αναστομώσεις πυλαίας-κάτω κοίλης, επεμβάσεις παγκρέατος, ήπατος και παρακάμψεις χωρίς καταστροφικές  συνυπάρχουσες παθήσεις - επιπλοκές;3682;7
304;Η02Μα;Μείζονες επεμβάσεις χοληφόρων  με καταστροφικές  συνυπάρχουσες παθήσεις - επιπλοκές;5111;17
305;Η02Μβ;Μείζονες επεμβάσεις χοληφόρων  με σοβαρές  συνυπάρχουσες παθήσεις - επιπλοκές;2578;9
306;Η02Χ;Μείζονες επεμβάσεις χοληφόρων  χωρίς καταστροφικές ή σοβαρές  συνυπάρχουσες παθήσεις - επιπλοκές;2079;6
307;Η05Μ;Διαγνωστικές ηπατοχολικές παρεμβάσεις με καταστροφικές  συνυπάρχουσες παθήσεις - επιπλοκές;4533;14
308;Η05Χ;Διαγνωστικές ηπατοχολικέςπαρεμβάσεις χωρίς καταστροφικές  συνυπάρχουσες παθήσεις - επιπλοκές;1393;4
309;Η06Μ;Λοιπές Διαγνωστικές ηπατοχολικές χειρουργικές παρεμβάσεις και παρεμβάσεις  παγκρέατος με καταστροφικές  συνυπάρχουσες παθήσεις - επιπλοκές;4646;19
310;Η06Χ;Λοιπές Διαγνωστικές ηπατοχολικές χειρουργικές παρεμβάσεις και παρεμβάσεις παγκρέατος χωρίς καταστροφικές  συνυπάρχουσες παθήσεις - επιπλοκές;1556;5
311;Η07Μ;Ανοιχτή χολοκυστεκτομή με κλειστό χοληδόχο πόρο ή με καταστροφικές  συνυπάρχουσες παθήσεις - επιπλοκές;4299;14
312;Η07Χ;Ανοιχτή χολοκυστεκτομή χωρίς κλειστό χοληδόχο πόρο χωρίς καταστροφικές  συνυπάρχουσες παθήσεις - επιπλοκές;2037;6
313;Η08Μ;Λαπαρασκοπική χολοκυστεκτομή με κλειστό χοληδόχο πόρο ή με καταστροφικές ή σοβαρές συνυπάρχουσες παθήσεις - επιπλοκές;2111;6
314;Η08Χ;Λαπαρασκοπική χολοκυστεκτομή χωρίς κλειστό χοληδόχο πόρο χωρίς καταστροφικές ή σοβαρές  συνυπάρχουσες παθήσεις - επιπλοκές;1273;2
315;Η20Μ;Ενδοσκοπικές επεμβάσεις για αιμορραγία κιρσων του οισοφάγου με καταστροφικές  συνυπάρχουσες παθήσεις - επιπλοκές;3561;11
316;Η20Χ;Ενδοσκοπικές επεμβάσεις για αιμορραγία κιρσων του οισοφάγου χωρίς καταστροφικές  συνυπάρχουσες παθήσεις - επιπλοκές;1517;5
317;Η23Μ;Ενδοσκοπική παλίνδρομη χολαγειοπαγκρεατογραφία με καταστροφικές ή σοβαρές  συνυπάρχουσες παθήσεις - επιπλοκές;2552;11
318;Η23Χ;Ενδοσκοπική παλίνδρομη χολαγειοπαγκρεατογραφία χωρίς καταστροφικές ή σοβαρές  συνυπάρχουσες παθήσεις - επιπλοκές;786;3
319;Η40Μα;Κίρρωση και αλκοολική ηπατίτιδα με καταστροφικές  συνυπάρχουσες παθήσεις - επιπλοκές;2654;12
320;Η40Μβ;Κίρρωση και αλκοολική ηπατίτιδα με σοβαρές ή μεσαίας βαρύτητας  συνυπάρχουσες παθήσεις - επιπλοκές;965;5
321;Η40Χ;Κίρρωση και αλκοολική ηπατίτιδα χωρίς   συνυπάρχουσες παθήσεις - επιπλοκές;366;2
322;Η41Μ;Κακοήθεια του ηπατοχολικού συστήματος και παγκρέατος με καταστροφικές  συνυπάρχουσες παθήσεις - επιπλοκές;1930;9
323;Η41Χ;Κακοήθεια του ηπατοχολικού συστήματος και παγκρέατος χωρίς καταστροφικές  συνυπάρχουσες παθήσεις - επιπλοκές;872;4
324;Η42Μ;Διαταραχές παγκρέατος χωρίς κακοήθεια με καταστροφικές ή σοβαρές  συνυπάρχουσες παθήσεις - επιπλοκές;1938;8
325;Η42Χ;Διαταραχές παγκρέατος χωρίς κακοήθεια χωρίς καταστροφικές ή σοβαρές  συνυπάρχουσες παθήσεις - επιπλοκές;708;3
326;Η43Μ;Διαταραχές ήπατος χωρίς κακοήθεια, Κύρωση, αλκοολική ηπατίτιδα με καταστροφικές ή σοβαρές  συνυπάρχουσες παθήσεις - επιπλοκές;1813;8
327;Η43Χ;Διαταραχές ήπατος χωρίς κακοήθεια, Κύρωση, αλκοολική ηπατίτιδα χωρίς καταστροφικές ή σοβαρές  συνυπάρχουσες παθήσεις - επιπλοκές;521;2
328;Η44Μ;Δαταραχές των χοληφόρων με  συνυπάρχουσες παθήσεις - επιπλοκές;1198;6
329;Η44Χ;Δαταραχές των χοληφόρων με/ χωρίς  συνυπάρχουσες παθήσεις - επιπλοκές;436;2
330;Μ01Μ;Αμφοτερόπλευρες/Πολλαπλές επεμβάσεις μεγάλων αρθρώσεων κάτω άκρων με αναθεώρηση ή με καταστροφικές  συνυπάρχουσες παθήσεις - επιπλοκές;14020;25
331;Μ01Χ;Αμφοτερόπλευρες/ Πολλαπλές επεμβάσεις μεγάλων αρθρώσεων κάτω άκρων χωρίς αναθεώρηση  χωρίς  καταστροφικές  συνυπάρχουσες παθήσεις - επιπλοκές;9606;7
332;Μ02Μ;Μεταφορά μικροαγγειούμενου ιστικού μοσχεύματος ή (Δερματικό μόσχευμα με καταστροφικές ή σοβαρές συνυπάρχουσες παθήσεις – επιπλοκές) εξαιρουμένης άκρας χείρας;9110;27
333;Μ02Χ;Δερματικό μόσχευμα (κρημνός) χωρίς καταστροφικές ή σοβαρές συνυπάρχουσες παθήσεις – επιπλοκές, εξαιρουμένης άκρας χείρας;3430;8
334;Μ03Μ;Αντικατάσταση ισχίου με καταστροφικές συνυπάρχουσες παθήσεις - επιπλοκές;6307;15
335;Μ03Χ;Αντικατάσταση ισχίου χωρίς  καταστροφικές συνυπάρχουσες παθήσεις - επιπλοκές;6411;7
336;Μ04Μ;Αντικατάσταση γόνατος με καταστροφικές ή σοβαρές συνυπάρχουσες παθήσεις - επιπλοκές;7042;9
337;Μ04Χ;Αντικατάσταση γόνατος χωρίς καταστροφικές ή σοβαρές συνυπάρχουσες παθήσεις - επιπλοκές;6611;6
338;Μ05Μ;Αντικατάσταση άλλων αρθρώσεων με καταστροφικές ή σοβαρές συνυπάρχουσες παθήσεις - επιπλοκές;7705;11
339;Μ05Χ;Αντικατάσταση άλλων αρθρώσεων χωρίς καταστροφικές ή σοβαρές  συνυπάρχουσες παθήσεις - επιπλοκές;6101;5
340;Μ06Α;Σπονδυλοδεσία με παραμόρφωση;19980;9
341;Μ07Α;Ακρωτηριασμός;5235;21
342;Μ08Μ;Λοιπές επεμβάσεις ισχίου και μηριαίου με καταστροφικές  συνυπάρχουσες παθήσεις - επιπλοκές;4449;17
343;Μ08Χ;Λοιπές επεμβάσεις ισχίου και μηριαίου χωρίς καταστροφικές  συνυπάρχουσες παθήσεις - επιπλοκές;3014;9
344;Μ09Μ;Σπονδυλοδεσία με καταστροφικές  συνυπάρχουσες παθήσεις - επιπλοκές;14720;18
345;Μ09Χ;Σπονδυλοδεσία χωρίς καταστροφικές  συνυπάρχουσες παθήσεις - επιπλοκές;9783;7
346;Μ10Μ;Λοιπές επεμβάσεις αυχένος-οσφύος - θώρακος με καταστροφικές ή σοβαρές  συνυπάρχουσες παθήσεις - επιπλοκές;3391;10
347;Μ10Χ;Λοιπές επεμβάσεις αυχένος-οσφύος - θώρακος χωρίς καταστροφικές ή σοβαρές  συνυπάρχουσες παθήσεις - επιπλοκές;1908;4
348;Μ11Α;Επεμβάσεις διατατικής επιμηκύνσεως άκρων;4045;4
349;Μ12Μα;Λοίμωξη / φλεγμονή οστών και αρθρώσεων με διάφορες μυοσκελετικές επεμβάσεις με  σοβαρής και μέτριας βαρύτητας συνυπάρχουσες παθήσεις - επιπλοκές;5478;24
350;Μ12Μβ;Λοίμωξη / φλεγμονή οστών και αρθρώσεων με διάφορες μυοσκελετικές επεμβάσεις με  καταστροφικές συνυπάρχουσες παθήσεις - επιπλοκές;2993;14
351;Μ12Χ;Λοίμωξη / φλεγμονή οστών και αρθρώσεων με διάφορες μυοσκελετικές επεμβάσεις χωρίς  συνυπάρχουσες παθήσεις - επιπλοκές;1665;6
352;Μ13Μ;Επεμβάσεις βραχιονίου, κνήμης, περόνης και αστραγάλου με συνυπάρχουσες παθήσεις - επιπλοκές;3893;11
353;Μ13Χ;Επεμβάσεις Βραχιονίου, κνήμης, περόνης και αστραγάλου χωρίς συνυπάρχουσες παθήσεις - επιπλοκές;2083;4
354;Μ15Α;Κρανιοπροσωπικές επεμβάσεις;3761;6
355;Μ16Α;Λοιπές επεμβάσεις ώμου;1588;2
356;Μ17Μ;Γναθοπροσωπικές επεμβάσεις με συνυπάρχουσες παθήσεις - επιπλοκές;2708;3
357;Μ17Χ;Γναθοπροσωπικές επεμβάσεις χωρίς συνυπάρχουσες παθήσεις - επιπλοκές;1764;2
358;Μ18Α;Λοιπές επεμβάσεις γόνατος;743;1
359;Μ19Μ;Λοιπές επεμβάσεις αγκώνος και αντιβραχίου με συνυπάρχουσες παθήσεις - επιπλοκές;2648;6
360;Μ19Χ;Λοιπές επεμβάσεις αγκώνος και αντιβραχίου χωρίς συνυπάρχουσες παθήσεις - επιπλοκές;1904;2
361;Μ20Α;Λοιπές επεμβάσεις άκρου ποδός;1286;2
362;Μ21Α;Τοπική Εκτομή και Αφαίρεση υλικών εσωτερικής οστεοσύνθεσης ισχίου και μηριαίου;1052;2
363;Μ23Α;Τοπική εκτομή και αφαίρεση υλικών εσωτερικής οστεοσύνθεσης εκτός ισχίου και μηριαίου;661;1
364;Μ24Α;Αρθροσκόπηση;710;1
365;Μ25Μ;Διαγνωστικές επεμβάσεις οστών και αρθρώσεων συμπεριλαμβανομένης βιοψίας  με συνυπάρχουσες παθήσεις - επιπλοκές;2864;11
366;Μ25Χ;Διαγνωστικές επεμβάσεις οστών και αρθρώσεων συμπεριλαμβανομένης βιοψίας χωρίς συνυπάρχουσες παθήσεις - επιπλοκές;1260;3
367;Μ27Μ;Επεμβάσεις μαλακών μορίων  με συνυπάρχουσες παθήσεις - επιπλοκές;2179;9
368;Μ27Χ;Επεμβάσεις μαλακών μορίων χωρίς συνυπάρχουσες παθήσεις - επιπλοκές;902;2
369;Μ28Μ;Λοιπές επεμβάσεις μυοσκελετικού με συνυπάρχουσες παθήσεις - επιπλοκές;2639;11
370;Μ28Χ;Λοιπές επεμβάσεις μυοσκελετικού χωρίς συνυπάρχουσες παθήσεις - επιπλοκές;1379;2
371;Μ29Α;Ανακατασκευή ή αναθεώρηση πρόθεσης γόνατος;1903;1
372;Μ30Α;Επεμβάσεις χειρός;891;1
373;Μ31Μ;Επανεπεμβαση Ισχίου με καταστροφικές  συνυπάρχουσες παθήσεις - επιπλοκές;11675;23
374;Μ31Χ;Επανεπεμβαση Ισχίου χωρίς καταστροφικές  συνυπάρχουσες παθήσεις - επιπλοκές;8533;11
375;Μ32Μα;Επανεπεμβαση γόνατος με καταστροφικές  συνυπάρχουσες παθήσεις - επιπλοκές;12912;27
376;Μ32Μβ;Επανεπεμβαση  γόνατος με  συνυπάρχουσες παθήσεις - επιπλοκές;9963;12
377;Μ32Χ;Επανεπεμβαση γόνατος χωρίς καταστροφικές η  συνυπάρχουσες παθήσεις - επιπλοκές;9147;9
378;Μ60Α;Κατάγματα διάφυσης μηριαίου;1720;7
379;Μ61Μ;Κατάγματα περιφερικού μηριαίου με συνυπάρχουσες παθήσεις - επιπλοκές;2210;13
380;Μ61Χ;Κατάγματα περιφερικού μηριαίου χωρίς συνυπάρχουσες παθήσεις - επιπλοκές;856;4
381;Μ63Μ;Θλάσεις, διαστρέμματα και εξαρθρώματα Ισχίου, Λεκάνης και  Μηρού με συνυπάρχουσες παθήσεις - επιπλοκές;1198;7
382;Μ63Χ;Θλάσεις, διαστρέμματα και εξαρθρώματα Ισχίου, Λεκάνης και  Μηρού χωρίς συνυπάρχουσες παθήσεις - επιπλοκές;444;2
383;Μ64Μ;Οστεομυελίτιδα με καταστροφικές ή σοβαρές συνυπάρχουσες παθήσεις - επιπλοκές;2669;15
384;Μ64Χ;Οστεομυελίτιδα χωρίς καταστροφικές ή σοβαρές συνυπάρχουσες παθήσεις - επιπλοκές;1175;8
385;Μ65Μ;Κακοήθεις νεοπλασματικοί  όγκοι μυοσκελετικού με καταστροφικές συνυπάρχουσες παθήσεις-επιπλοκές;2560;12
386;Μ65Χ;Κακοήθεις νεοπλασματικοί  όγκοι μυοσκελετικού χωρίς καταστροφικές συνυπάρχουσες παθήσεις-επιπλοκές;1222;5
387;Μ66Μ;Φλεγμονώδεις παθήσεις μυοσκελετικού με καταστροφικές  ή σοβαρές  συνυπάρχουσες παθήσεις - επιπλοκές;2436;10
388;Μ66Χ;Φλεγμονώδεις παθήσεις μυοσκελετικού χωρίς καταστροφικές  ή σοβαρές  συνυπάρχουσες παθήσεις - επιπλοκές;652;2
389;Μ67Μ;Σηπτική αρθρίτιδα με καταστροφικές ή σοβαρές  συνυπάρχουσες παθήσεις - επιπλοκές;2428;12
390;Μ67Χ;Σηπτική αρθρίτιδα με καταστροφικές χωρίς σοβαρές  συνυπάρχουσες παθήσεις - επιπλοκές;996;7
391;Μ68Μ;Μη χειρουργικές σκελετικές παθήσεις με συνυπάρχουσες παθήσεις - επιπλοκές;1712;9
392;Μ68Χ;Μη χειρουργικές παθήσεις νωτιαιου σωλήνα χωρίς συνυπάρχουσες παθήσεις - επιπλοκές;731;4
393;Μ68Α;Μη χειρουργικές παθήσεις νωτιαιου σωλήνα μιας ημέρας θεραπειών;151;1
394;Μ69Μ;Παθήσεις οστών και αρθροπάθειες με καταστροφικές ή σοβαρές  συνυπάρχουσες παθήσεις - επιπλοκές;1533;9
395;Μ69Χ;Παθήσεις οστών και αρθροπάθειες χωρίς καταστροφικές ή σοβαρές  συνυπάρχουσες παθήσεις - επιπλοκές;428;2
396;Μ71Μ;Λοιπές παθήσεις μυών-τενόντων με καταστροφικές ή σοβαρές  συνυπάρχουσες παθήσεις - επιπλοκές;1323;7
397;Μ71Χ;Λοιπές παθήσεις μυών-τενόντων χωρίς καταστροφικές ή σοβαρές  συνυπάρχουσες παθήσεις - επιπλοκές;405;2
398;Μ72Μ;Ειδικές παθήσεις μυών - τενόντων με καταστροφικές ή σοβαρές συνυπάρχουσες παθήσεις - επιπλοκές;1681;9
399;Μ72Χ;Ειδικές παθήσεις μυών - τενόντων χωρίς καταστροφικές  ή σοβαρές συνυπάρχουσες παθήσεις - επιπλοκές;490;3
400;Μ73Μ;Μετεγχειρητική παρακολούθηση μυοσκελετικών μοσχευμάτων/ προθέσεων με καταστροφικές ή σοβαρές  συνυπάρχουσες παθήσεις - επιπλοκές;2249;18
401;Μ73Χ;Μετεγχειρητική παρακολούθηση μυοσκελετικών μοσχευμάτων/ προθέσεων χωρίς καταστροφικές ή σοβαρές  συνυπάρχουσες παθήσεις - επιπλοκές;584;4
402;Μ74Α;Κακώσεις αντιβραχίου καρπού, χειρός ή ποδός;350;2
403;Μ75Μ;Κάκωση ώμου, Βραχιονίου, αγκώνα, γόνατος, ποδιού ή αστραγάλου με συνυπάρχουσες παθήσεις - επιπλοκές;1455;8
404;Μ75Χ;Κάκωση ώμου, Βραχιονίου, αγκώνα, γόνατος, ποδιού ή αστραγάλου χωρίς συνυπάρχουσες παθήσεις - επιπλοκές;405;2
405;Μ76Μ;Λοιπές μυοσκελετικές παθήσεις με καταστροφικές ή σοβαρές  συνυπάρχουσες παθήσεις - επιπλοκές;1292;7
406;Μ76Χ;Λοιπές μυοσκελετικές παθήσεις με καταστροφικές χωρίς  σοβαρές συνυπάρχουσες παθήσεις - επιπλοκές;389;2
407;Μ77Μ;Κατάγματα λεκάνης με καταστροφικές ή σοβαρές  συνυπάρχουσες παθήσεις - επιπλοκές;2257;13
408;Μ77Χ;Κατάγματα λεκάνης με καταστροφικές χωρίς  σοβαρές συνυπάρχουσες παθήσεις - επιπλοκές;1058;6
409;Μ78Μ;Κατάγματα αυχένος του μηριαίου με καταστροφικές ή σοβαρές συνυπάρχουσες παθήσεις - επιπλοκές;1463;8
410;Μ78Χ;Κατάγματα αυχένος του μηριαίου χωρίς καταστροφικές η σοβαρές συνυπάρχουσες παθήσεις ή επιπλοκές;475;2
411;Μ79Μ;Παθολογικά κατάγματα με καταστροφικές  συνυπάρχουσες παθήσεις - επιπλοκές;2942;17
412;Μ79Χ;Παθολογικά κατάγματα χωρίς καταστροφικές  συνυπάρχουσες παθήσεις - επιπλοκές;1370;8
413;Δ01Μ;Μεταφορά μικροαγγειακού μοσχεύματος για διαταραχές δέρματος, υποδορίου ιστού και μαστού με καταστροφικές/σοβαρές συνυπάρχουσες παθήσεις – επιπλοκές;8557;15
414;Δ01Χ;Μεταφορά μικροαγγειακού μοσχεύματος για διαταραχές δέρματος, υποδορίου ιστού και μαστού χωρίς καταστροφικές/σοβαρές συνυπάρχουσες παθήσεις – επιπλοκές;6452;9
415;Δ06Α;Μείζονες επεμβάσεις μαστού;1383;3
416;Δ07Α;Ελάσσονες  επεμβάσεις μαστού;605;1
417;Δ08Μ;Άλλες επεμβάσεις για δερματικό μόσχευμα και/ ή χειρουργικός καθαρισμός με συνυπάρχουσες παθήσεις – επιπλοκές;2294;11
418;Δ08Χ;Άλλες επεμβάσεις για δερματικό μόσχευμα και/ ή χειρουργικός καθαρισμός χωρίς συνυπάρχουσες παθήσεις – επιπλοκές;791;2
419;Δ09Α;Περιοδικές επεμβάσεις και επεμβάσεις τριχοφωλεακού συριγγίου;688;2
420;Δ10Α;Χειρουργικές επεμβάσεις πλαστικής δέρματος, υποδορίου ιστού και μαστού;672;1
421;Δ11Α;Άλλες χειρουργικές επεμβάσεις πλαστικής δέρματος, υποδορίου ιστού και μαστού;404;1
422;Δ12Μ;Επεμβάσεις στα κάτω άκρα με έλκος/ κυτταρίτιδα, με καταστροφικές συνυπάρχουσες παθήσεις - επιπλοκές;4871;23
423;Δ12Χα;Επεμβάσεις στα κάτω άκρα με έλκος/ κυτταρίτιδα, χωρίς καταστροφικές συνυπάρχουσες παθήσεις - επιπλοκές με επιδιόρθωση με δερματικό μόσχευμα ή μεταφορά δερματικού κρημνού;3097;13
424;Δ12Χβ;Επεμβάσεις στα κάτω άκρα με έλκος/ κυτταρίτιδα χωρίς καταστροφικές συνυπάρχουσες παθήσεις - επιπλοκές χωρίς επιδιόρθωση με δερματικό μόσχευμα ή μεταφορά δερματικού κρημνού;1774;8
425;Δ13Μ;Επεμβάσεις στα κάτω άκρα χωρίς έλκος/ κυτταρίτιδα με καταστροφικές συνυπάρχουσες παθήσεις - επιπλοκές ή με επιδιόρθωση με δερματικό μόσχευμα ή μεταφορά δερματικού κρημνού;2856;12
426;Δ13Χ;Επεμβάσεις στα κάτω άκρα χωρίς έλκος/ κυτταρίτιδα χωρίς καταστροφικές συνυπάρχουσες παθήσεις - επιπλοκές, χωρίς επιδιόρθωση με δερματικό μόσχευμα ή μεταφορά δερματικού κρημνού;915;4
427;Δ14Α;Εκτεταμένη πλαστική αποκατάσταση στήθους;4198;8
428;Δ20Μ;Δερματικά έλκη με καταστροφικές συνυπάρχουσες παθήσεις - επιπλοκές;2669;16
429;Δ20Χ;Δερματικά έλκη χωρίς καταστροφικές συνυπάρχουσες παθήσεις - επιπλοκές;1471;9
430;Δ20Α;Δερματικά έλκη, την ίδια ημέρα;171;1
431;Δ22Μ;κακοήθεις παθήσεις του μαστου με συνυπάρχουσες παθήσεις - επιπλοκές;965;5
432;Δ22Χ;κακοήθεις παθήσεις του μαστου χωρίς συνυπάρχουσες παθήσεις - επιπλοκές;688;2
433;Δ23Μ;μη-κακοήθεις παθήσεις του μαστου με συνυπάρχουσες παθήσεις - επιπλοκές;965;5
434;Δ23Χ;μη-κακοήθεις παθήσεις του μαστου χωρίς συνυπάρχουσες παθήσεις - επιπλοκές;366;2
435;Δ24Μ;Κυτταρίτιδα με καταστροφικές ή σοβαρές συνυπάρχουσες παθήσεις - επιπλοκές;1619;9
436;Δ24Χ;Κυτταρίτιδα χωρίς καταστροφικές ή σοβαρές συνυπάρχουσες παθήσεις - επιπλοκές;802;4
437;Δ25Μ;Τραύμα στο δέρμα , υποδορίου και του μαστού με καταστ η σοβαρές συνυπάρχουσες παθήσεις - επιπλοκές;1105;6
438;Δ25Χ;Τραύμα στο δέρμα , υποδορίου και του μαστού χωρίς καταστ η σοβαρές συνυπάρχουσες παθήσεις - επιπλοκές;350;2
439;Δ27Μ;Ελάσσονες παθήσεις του δέρματος;708;3
440;Δ27Χ;Ελάσσονες παθήσεις του δέρματος την ίδια ημέρα;199;1
441;Δ28Μ;Μείζονες παθήσεις με καταστροφικές η σοβαρές συνυπάρχουσες παθήσεις - επιπλοκές;1969;10
442;Δ28Χ;Μείζονες παθήσεις χωρίς καταστροφικές η σοβαρές συνυπάρχουσες παθήσεις - επιπλοκές;965;4
443;Δ28Α;Μείζονες (μεγάλης βαρύτητας) παθήσεις την ίδια ημέρα;382;1
444;Δ29Μ;Κακοήθειες του δέρματος με καταστροφικές συνυπάρχουσες παθήσεις - επιπλοκές;2171;11
445;Δ29Χ;Κακοήθειες του δέρματος χωρίς καταστροφικές συνυπάρχουσες παθήσεις - επιπλοκές;1377;7
446;Δ29Α;Κακοήθειες του δέρματος την ίδια ημέρα;161;1
447;Θ01Μ;Διαβητικες επιπλοκές με καταστροφικές συνυπάρχουσες παθήσεις - επιπλοκές;6202;27
448;Θ01Χ;Διαβητικες επιπλοκες χωρίς καταστροφικές συνυπάρχουσες παθήσεις - επιπλοκές;2801;12
449;Θ02Μ;Επεμβάσεις υποφύσεως με συνυπάρχουσες παθήσεις - επιπλοκές;5135;10
450;Θ02Χ;Επεμβάσεις υποφύσεως χωρίς συνυπάρχουσες παθήσεις - επιπλοκές;3515;6
451;Θ03Α;Επεμβάσεις επινεφριδίου;3297;6
452;Θ04Μ;Μείζονες ( εξαιρετικά βαριές ) Επεμβασεις για την Παχυσαρκια με συνυπάρχουσες παθήσεις - επιπλοκές;4378;8
453;Θ04Χ;Μείζονες ( εξαιρετικά βαριές ) Επεμβασεις για την Παχυσαρκια χωρίς συνυπάρχουσες παθήσεις - επιπλοκές;2848;2
454;Θ05Μ;Επεμβάσεις παραθυρεοειδών με καταστροφικές ή σοβαρές συνυπάρχουσες παθήσεις - επιπλοκές;2587;8
455;Θ05Χ;Επεμβάσεις παραθυρεοειδών χωρίς καταστροφικές ή σοβαρές συνυπάρχουσες παθήσεις - επιπλοκές;1218;2
456;Θ06Μ;Επεμβάσεις του θυρεοειδούς με καταστροφικές η σοβαρές συνυπάρχουσες παθήσεις - επιπλοκές;2620;5
457;Θ06Χ;Επεμβάσεις του θυρεοειδούς χωρίς καταστροφικές η σοβαρές συνυπάρχουσες παθήσεις - επιπλοκές;1581;2
458;Θ07Α;Επεμβάσεις για την παχυσαρκία;1276;3
459;Θ08Α;Επεμβάσεις θυρεογλωσσικές;952;1
460;Θ09Μ;Λοιπές χειρουργικές επεμβάσεις για  ενδοκρινολογικές, διατροφικές και μεταβολικές διαταραχές με καταστροφικές συνυπάρχουσες παθήσεις - επιπλοκές;4895;19
461;Θ09Χα;Λοιπές χειρουργικές επεμβάσεις για  ενδοκρινολογικές, διατροφικές και μεταβολικές διαταραχές χωρίς καταστροφικές συνυπάρχουσες παθήσεις - επιπλοκές;2080;7
462;Θ09Χβ;Άλλες Ενδοκρινολογικές, θρεπτικών και μεταβολικές επεμβάσεις χωρίς σοβαρές και μετριοπαθή  συνυπάρχουσες παθήσεις - επιπλοκές;1765;3
463;Θ20Μ;Ενδοσκοπικές ή διερευνητικές επεμβάσεις για μεταβολικές δυσλειτουργίες με καταστροφικές συνυπάρχουσες παθήσεις - επιπλοκές;4296;18
464;Θ20Χ;Ενδοσκοπικές ή διερευνητικές επεμβάσεις για μεταβολικές δυσλειτουργίες χωρίς καταστροφικές συνυπάρχουσες παθήσεις - επιπλοκές;1580;7
465;Θ20Α;Ενδοσκοπικές ή διερευνητικές επεμβάσεις για μεταβολικές δυσλειτουργίες την ίδια ημέρα;297;1
466;Θ20Μ;Διαβήτης με καταστροφικές η σοβαρές συνυπάρχουσες παθήσεις - επιπλοκές;1735;8
467;Θ20Χ;Διαβήτης χωρίς καταστροφικές ή σοβαρές συνυπάρχουσες παθήσεις - επιπλοκές;731;3
468;Θ21Α;Σοβαρές διατροφικές διαταραχές;2599;12
469;Θ22Μ;Διάφορες δυσλειτουργίες του μεταβολισμού με καταστροφικές  ή σοβαρές συνυπάρχουσες παθήσεις - επιπλοκές;1393;7
470;Θ22Χ;Διάφορες δυσλειτουργίες του μεταβολισμού χωρίς καταστροφικές ή σοβαρές συνυπάρχουσες παθήσεις - επιπλοκές;482;2
471;Θ23Μ;Συγγενή ασθένειες του μεταβολισμού με συνυπάρχουσες παθήσεις - επιπλοκές;1074;4
472;Θ23Χ;Συγγενή ασθένειες του μεταβολισμού χωρίς συνυπάρχουσες παθήσεις - επιπλοκές;405;2
473;Θ24Μ;Ενδοκρινολογικές δυσλειτουργίες με καταστροφικές η σοβαρές συνυπάρχουσες παθήσεις - επιπλοκές;1829;9
474;Θ24Χ;Ενδοκρινολογικές δυσλειτουργίες χωρίς καταστροφικές η σοβαρές συνυπάρχουσες παθήσεις - επιπλοκές;669;2
475;Υ02Μ;Επέμβαση τοποθέτησης εισαγωγής καθετήρα περιτοναϊκής κάθαρσης με καταστροφικές ή σοβαρές συνυπάρχουσες παθήσεις – επιπλοκές;3111;10
476;Υ02Χ;Επέμβαση τοποθέτησης εισαγωγής καθετήρα περιτοναϊκής κάθαρσης χωρίς καταστροφικές ή σοβαρές συνυπάρχουσες παθήσεις – επιπλοκές;1189;2
477;Υ03Μα;Επεμβάσεις νεφρού, ουρητήρα και μεγάλες επεμβάσεις ουροδόχου κύστης για νεοπλασία με καταστροφικές συνυπάρχουσες παθήσεις – επιπλοκές;6431;15
478;Υ03Μβ;Επεμβάσεις νεφρού, ουρητήρα και μεγάλες επεμβάσεις ουροδόχου κύστης για νεοπλασία με σοβαρές συνυπάρχουσες παθήσεις – επιπλοκές;4426;9
479;Υ03Χ;Επεμβάσεις νεφρού, ουρητήρα και μεγάλες επεμβάσεις ουροδόχου κύστης για νεοπλασία χωρίς καταστροφικές ή σοβαρές συνυπάρχουσες παθήσεις – επιπλοκές;2992;5
480;Υ04Μ;Επεμβάσεις νεφρού, ουρητήρα και μεγάλες επεμβάσεις ουροδόχου κύστης για μη-νεοπλασία με καταστροφικές συνυπάρχουσες παθήσεις – επιπλοκές;4355;15
481;Υ04Χα;Επεμβάσεις νεφρού, ουρητήρα και μεγάλες επεμβάσεις ουροδόχου κύστης για μη-νεοπλασία με σοβαρές συνυπάρχουσες παθήσεις – επιπλοκές;2361;7
482;Υ04Χβ;Επεμβάσεις νεφρού, ουρητήρα και μεγάλες επεμβάσεις ουροδόχου κύστης για μη-νεοπλασία χωρίς καταστροφικές ή σοβαρές συνυπάρχουσες παθήσεις – επιπλοκές;1605;3
483;Υ05Μ;Διουρηθρική προστατεκτομή με καταστροφικές ή σοβαρές συνυπάρχουσες παθήσεις – επιπλοκές;2848;11
484;Υ05Χ;Διουρηθρική προστατεκτομή χωρίς καταστροφικές ή σοβαρές συνυπάρχουσες παθήσεις – επιπλοκές;1000;3
485;Υ06Μ;Μικρές επεμβάσεις Ουροδοχου κυστεως με καταστροφικές ή σοβαρές συνυπάρχουσες παθήσεις – επιπλοκές;2381;9
486;Υ06Χ;Μικρές επεμβάσεις Ουροδοχου κυστεως χωρίς  καταστροφικές ή σοβαρές συνυπάρχουσες παθήσεις – επιπλοκές;808;2
487;Υ07Μ;Διουρηθρικές επεμβάσεις εκτός προστατεκτομικές με καταστροφικές ή σοβαρές συνυπάρχουσες παθήσεις – επιπλοκές;1218;5
488;Υ07Χ;Διουρηθρικές επεμβάσεις εκτός προστατεκτομικές χωρίς καταστροφικές ή σοβαρές συνυπάρχουσες παθήσεις – επιπλοκές;680;1
489;Υ08Μ;Επεμβάσεις ουρήθρας με  συνυπάρχουσες παθήσεις – επιπλοκές;1271;5
490;Υ08Χ;Επεμβάσεις ουρήθρας χωρίς συνυπάρχουσες παθήσεις – επιπλοκές;631;2
491;Υ09Μ;Άλλες επεμβάσεις για δυσλειτουργία νεφρού και ουροποιητικού συστήματος με καταστροφικές ή σοβαρές συνυπάρχουσες παθήσεις – επιπλοκές;4729;17
492;Υ09Χα;Άλλες επεμβάσεις για δυσλειτουργία νεφρού και ουροποιητικού συστήματος χωρίς καταστροφικές ή σοβαρές συνυπάρχουσες παθήσεις – επιπλοκές;1919;4
493;Υ09Χβ;Άλλες επεμβάσεις στα νεφρά και το ουροποιητικό σύστημα χωρίς καταστροφικές συνυπάρχουσες παθήσεις - επιπλοκές;1035;2
494;Υ20Α;Ουρηθροσκόπηση;767;2
495;Υ21Α;Ουρηθροσκόπηση σε μία ημέρα;231;1
496;Υ22Α;Εξωσωματική λιθοτριψία για λίθους του ουροποιητικού;482;1
497;Υ20Μα;Νεφρική ανεπάρκεια με  καταστροφικές συνυπάρχουσες παθήσεις – επιπλοκές;2934;12
498;Υ20Μβ;Νεφρική ανεπάρκεια με  σοβαρές συνυπάρχουσες παθήσεις – επιπλοκές;1300;6
499;Υ20Χ;Νεφρική ανεπάρκεια χωρίς καταστροφικές ή σοβαρές συνυπάρχουσες παθήσεις – επιπλοκές;584;3
500;Υ21Α;Αιμοκάθαρση;136;1
501;Υ22Μ;Νεοπλάσματα νεφρού και ουροποιητικού με καταστροφικές ή σοβαρές συνυπάρχουσες παθήσεις – επιπλοκές;1471;7
502;Υ22Χ;Νεοπλάσματα νεφρού και ουροποιητικού χωρίς καταστροφικές ή σοβαρές συνυπάρχουσες παθήσεις – επιπλοκές;545;2
503;Υ23Μ;Λοιμώξεις νεφρού και ουροποιητικού με καταστροφικές ή σοβαρές συνυπάρχουσες παθήσεις – επιπλοκές;1564;8
504;Υ23Χ;Λοιμώξεις νεφρού και ουροποιητικού χωρίς καταστροφικές ή σοβαρές συνυπάρχουσες παθήσεις – επιπλοκές;560;3
505;Υ24Α;Λιθίαση ουροποιητικού και απόφραξη;389;2
506;Υ25Μ;Συμπτώματα και σημεία των νεφρών και του ουροποιητικού συστήματος με καταστροφικές ή σοβαρές συνυπάρχουσες παθήσεις - επιπλοκές;1128;6
507;Υ25Χ;Συμπτώματα και σημεία των νεφρών και του ουροποιητικού συστήματος χωρίς καταστροφικές ή σοβαρές συνυπάρχουσες παθήσεις - επιπλοκές;405;2
508;Υ26Α;Στενώματα ουρήθρας;440;2
509;Υ27Μ;Λοιπές διαγνώσεις των νεφρών και του ουροποιητικού συστήματος με καταστροφικές ή σοβαρές συνυπάρχουσες παθήσεις - επιπλοκές;1673;7
510;Υ27Χ;Λοιπές διαγνώσεις των νεφρών και του ουροποιητικού συστήματος χωρίς καταστροφικές ή σοβαρές συνυπάρχουσες παθήσεις - επιπλοκές;358;2
511;Υ28Α;Περιτοναϊκή κάθαρση;296;1
512;Β01Μ;Μείζονες ανδρικές πυελικές επεμβάσεις με καταστροφικές ή σοβαρές συνυπάρχουσες παθήσεις – επιπλοκές;3553;8
513;Β01Χ;Μείζονες ανδρικές πυελικές επεμβάσεις χωρίς  καταστροφικές ή σοβαρές συνυπάρχουσες παθήσεις – επιπλοκές;2892;4
514;Β02Μ;Διουρηθρική προστατεκτομή με καταστροφικές ή σοβαρές συνυπάρχουσες επιπλοκές;1719;7
515;Β02Χ;Διουρηθρική προστατεκτομή χωρίς καταστροφικές ή σοβαρές συνυπάρχουσες επιπλοκές;1007;3
516;Β03Α;Επεμβάσεις Πέους;771;2
517;Β04Α;Επεμβάσεις όρχεων;652;1
518;Β05Α;Περιτομή;458;1
519;Β06Μ;Λοιπές χειρουργικές επεμβάσεις αντρικού αναπαραγωγικού συστήματος με καταστροφικές συνυπάρχουσες παθήσεις - επιπλοκές;1930;6
520;Β06Χ;Λοιπές χειρουργικές επεμβάσεις αντρικού αναπαραγωγικού συστήματος χωρίς καταστροφικές συνυπάρχουσες παθήσεις - επιπλοκές;1659;2
521;Β10Α;Κυστεοσκόπηση, την ίδια ημέρα;220;1
522;Β20Μ;Κακοήθεια του αντρικού αναπαραγωγικού συστήματος με καταστροφικές ή σοβαρές συνυπάρχουσες παθήσεις - επιπλοκές;1323;7
523;Β20Χ;Κακοήθεια του αντρικού αναπαραγωγικού συστήματος χωρίς καταστροφικές ή σοβαρές συνυπάρχουσες παθήσεις - επιπλοκές;413;2
524;Β21Α;Καλοήθης υπερτροφία προστάτη;459;2
525;Β22Α;Φλεγμονή του αντρικού αναπαραγωγικού συστήματος;545;3
526;Β23Α;Αντρική στείρωση;316;1
527;Β24Α;Άλλη διάγνωση αντρικού αναπαραγωγικού συστήματος;296;1
528;Γ01Α;Πυελική εξπλάχνιση και ριζική βουλβεκτομή;2964;8
529;Γ04Μ;Υστερεκτομή για μη κακοήθεια με καταστροφικές ή σοβαρές συνυπάρχουσες παθήσεις - επιπλοκές;2062;5
530;Γ04Χ;Υστερεκτομή για μη κακοήθεια χωρίς καταστροφικές ή σοβαρές συνυπάρχουσες παθήσεις - επιπλοκές;1525;3
531;Γ05Μ;Χειρουργική αφαίρεση ωοθηκών και σαλπίγγων για μη κακοήθεια με καταστροφικές ή σοβαρές συνυπάρχουσες παθήσεις - επιπλοκές;2147;6
532;Γ05Χ;Χειρουργική αφαίρεση ωοθηκών και σαλπίγγων για μη κακοήθεια χωρίς καταστροφικές ή σοβαρές συνυπάρχουσες παθήσεις - επιπλοκές;1374;2
533;Γ06Μ;Επανορθωτική επέμβαση γυναικείου αναπαραγωγικού συστήματος με καταστροφικές ή σοβαρές συνυπάρχουσες παθήσεις - επιπλοκές;1649;4
534;Γ06Χ;Επανορθωτική επέμβαση γυναικείου αναπαραγωγικού συστήματος χωρίς καταστροφικές ή σοβαρές συνυπάρχουσες παθήσεις - επιπλοκές;1264;2
535;Γ07Α;Λοιπές επεμβάσεις μήτρας και εξαρτημάτων για μη κακοήθεια;742;1
536;Γ08Α;Ενδοσκοπικές και λαπαροσκοπικές Επεμβάσεις στο γυναικείο αναπαραγωγικό σύστημα;719;1
537;Γ09Α;Επεμβάσεις αΐδιου, τραχήλου και κόλπου;418;2
538;Γ10Α;Διαγνωστική υστεροσκόπηση απόξεση;425;1
539;Γ11Α;Άλλες επεμβάσεις στο γυναικείο αναπαραγωγικό σύστημα;729;3
540;Γ12Μ;Επέμβαση για κακοήθεια μήτρας και δευτερευόντων οργάνων με καταστροφικές συνυπάρχουσες παθήσεις - επιπλοκές;3576;9
541;Γ12Χ;Επέμβαση για κακοήθεια μήτρας και δευτερευόντων οργάνων χωρίς καταστροφικές συνυπάρχουσες παθήσεις - επιπλοκές;1963;4
542;Γ20Μ;Κακοήθεια γυναικείου αναπαραγωγικού συστήματος με καταστροφικές συνυπάρχουσες παθήσεις - επιπλοκές;1969;9
543;Γ20Χ;Κακοήθεια γυναικείου αναπαραγωγικού συστήματος χωρίς καταστροφικές συνυπάρχουσες παθήσεις - επιπλοκές;755;3
544;Γ21Α;Λοιμώξεις του γυναικείου αναπαραγωγικού συστήματος;475;2
545;Γ22Α;Διαταραχές εμμήνου ρύσεως και άλλες διαταραχές του γυναικείου αναπαραγωγικού συστήματος;257;1
546;Λ01Μ;Τοκετός με καισαρική τομή με καταστροφικές ή σοβαρές συνυπάρχουσες παθήσεις - επιπλοκές;2171;7
547;Λ01Χ;Τοκετός με καισαρική τομή χωρίς καταστροφικές ή σοβαρές συνυπάρχουσες παθήσεις - επιπλοκές;1541;4
548;Λ02Μ;Κολπικός τοκετός με παρέμβαση στο χειρουργείο με καταστροφικές ή σοβαρές συνυπάρχουσες παθήσεις - επιπλοκές;1743;4
549;Λ02Χ;Κολπικός τοκετός με επέμβαση στο χειρουργείο χωρίς καταστροφικές ή σοβαρές συνυπάρχουσες παθήσεις - επιπλοκές;1175;3
550;Λ03Μ;Έκτοπη κύηση με καταστροφικές συνυπάρχουσες παθήσεις - επιπλοκές;1249;3
551;Λ03Χ;Έκτοπη κύηση χωρίς καταστροφικές συνυπάρχουσες παθήσεις - επιπλοκές;886;2
552;Λ04Μ;Επέμβαση στο χειρουργείο μετά τον τοκετό ή μετά την άμβλωση  με καταστροφικές ή σοβαρές συνυπάρχουσες παθήσεις - επιπλοκές;1807;5
553;Λ04Χ;Επέμβαση σο χειρουργείο μετά τον τοκετό ή μετά την άμβλωση  χωρίς καταστροφικές ή σοβαρές συνυπάρχουσες παθήσεις - επιπλοκές;571;2
554;Λ05Α;Άμβλωση με χειρουργική επέμβαση;334;1
555;Λ20Α;Κολπικός τοκετός;872;3
556;Λ21Α;Μετά τοκετός άμβλωση χωρίς χειρουργική επέμβαση;420;2
557;Λ23Α;Άμβλωση χωρίς επέμβαση στο χειρουργείο;265;1
558;Λ24Α;Αποβολή;288;2
559;Λ26Α;Προγεννητική και άλλη μαιευτική εισαγωγή;257;2
560;Τ01Α;Νεογνά που κατέληξαν ή διακομίστηκαν σε <5 ημέρες από την εισαγωγή με σημαντικές χειρουργικές επεμβάσεις;1381;1
561;Τ02Α;Καρδιοθωρακική / αγγειοχειρουργική επέμβαση σε νεογνά;20279;23
562;Τ03Α;Σημαντική χειρουργική επέμβαση σε νεογνά με βάρος εισαγωγής 1000-1499 gr;16846;48
563;Τ04Α;Σημαντική χειρουργική επέμβαση σε νεογνά με βάρος εισαγωγής 1500 1999 gr;11997;34
564;Τ05Α;Σημαντική χειρουργική επέμβαση σε νεογνά με βάρος εισαγωγής 2000-2499 gr;10357;27
565;Τ06Μ;Σημαντική χειρουργική επέμβαση σε νεογνά με βάρος εισαγωγής >2499  gr με πολλαπλά σοβαρά προβλήματα;15128;30
566;Τ06Χ;Σημαντική χειρουργική επέμβαση σε νεογνά με βάρος εισαγωγής >2499  gr χωρίς πολλαπλά σοβαρά προβλήματα;5062;13
567;Τ20Μ;Νεογνά που κατέληξαν ή διακομίστηκαν σε <5 ημέρες από την εισαγωγή χωρίς σημαντική χειρουργική επέμβαση, νεογέννητα;244;2
568;Τ20Χ;Νεογνά που κατέληξαν ή διακομίστηκαν σε <5 ημέρες από την εισαγωγή χωρίς σημαντική χειρουργική επέμβαση εκτός νεογέννητων;512;2
569;Τ21Α;Νεογνά με βάρος εισαγωγής <750 gr;41579;73
570;Τ22Α;Νεογνά με βάρος εισαγωγής 750-999 gr;30725;65
571;Τ23Α;Νεογνά με βάρος εισαγωγής 1000-1249 gr χωρίς σημαντική χειρουργική επέμβαση;7359;25
572;Τ24Α;Νεογνά με βάρος εισαγωγής 1250 -1499 gr χωρίς σημαντική  χειρουργική επέμβαση;5818;26
573;Τ25Μα;Νεογνά με βάρος εισαγωγής 1500 - 1999 gr χωρίς σημαντική  χειρουργική επέμβαση με πολλαπλά μείζονα προβλήματα;5872;24
574;Τ25Μβ;Νεογνά με βάρος εισαγωγής 1500 - 1999 gr χωρίς σημαντική χειρουργική επέμβαση με σημαντικά προβλήματα;4145;20
575;Τ25Μγ;Νεογνά με βάρος εισαγωγής 1500 - 1999 gr χωρίς σημαντική χειρουργική επέμβαση με άλλα προβλήματα;3158;18
576;Τ25Χ;Νεογνά με βάρος εισαγωγής 1500 - 1999 gr χωρίς σημαντική  χειρουργική επέμβαση χωρίς προβλήματα;2646;15
577;Τ26Μα;Νεογνά με βάρος εισαγωγής 2000 - 2499  gr χωρίς σημαντική χειρουργική επέμβαση με πολλαπλά προβλήματα;3719;15
578;Τ26Μβ;Νεογνά με βάρος εισαγωγής 2000 - 2499  gr χωρίς σημαντική χειρουργική επέμβαση σημαντικά προβλήματα;2346;12
579;Τ26Μγ;Νεογνά με βάρος εισαγωγής 2000 - 2499  gr χωρίς σημαντική χειρουργική επέμβαση με λοιπά προβλήματα;1644;11
580;Τ26Χ;Νεογνά με βάρος εισαγωγής 2000 - 2499  gr χωρίς σημαντική χειρουργική επέμβαση χωρίς προβλήματα;716;5
581;Τ27Μα;Νεογνά με βάρος εισαγωγής  >2499  gr χωρίς σημαντική χειρουργική επέμβαση πολλαπλά μείζονα προβλήματα;3076;12
582;Τ27Μβ;Νεογνά με βάρος εισαγωγής >2499  gr χωρίς σημαντική χειρουργική επέμβαση σημαντικά προβλήματα;1294;7
583;Τ27Μγ;Νεογνά με βάρος εισαγωγής >2499  gr χωρίς σημαντική χειρουργική επέμβαση λοιπά προβλήματα;918;5
584;Τ27Χ;Νεογνά με βάρος εισαγωγής >2499  gr χωρίς σημαντική χειρουργική επέμβαση χωρίς προβλήματα;428;3
585;Ξ01Α;Σπληνεκτομή;3476;7
586;Ξ02Μ;Λοιπές χειρουργικές επεμβάσεις αίματος και αιμοποιητικών οργάνων με καταστροφικές ή σοβαρές συνυπάρχουσες παθήσεις - επιπλοκές;4655;13
587;Ξ02Χ;Λοιπές χειρουργικές επεμβάσεις αίματος και αιμοποιητικών οργάνων χωρίς καταστροφικές ή σοβαρές συνυπάρχουσες παθήσεις - επιπλοκές;781;2
588;Ξ20Μ;Δυσλειτουργίες δικτυοενδοθηλιακού και ανοσοποιητικού με καταστροφικές ή σοβαρές συνυπάρχουσες παθήσεις - επιπλοκές;1945;7
589;Ξ20Χα;Δυσλειτουργίες δικτυοενδοθηλιακού και ανοσοποιητικού χωρίς καταστροφικές ή σοβαρές συνυπάρχουσες παθήσεις - επιπλοκές με κακοήθεια;786;3
590;Ξ20Χβ;Δυσλειτουργίες δικτυοενδοθηλιακού και ανοσοποιητικού χωρίς καταστροφικές ή σοβαρές συνυπάρχουσες παθήσεις - επιπλοκές χωρίς κακοήθεια;257;1
591;Ξ21Μ;Δυσλειτουργίες  ερυθρόκυττάρων με καταστροφικές ή σοβαρές συνυπάρχουσες παθήσεις - επιπλοκές;1136;6
592;Ξ21Χ;Δυσλειτουργίες ερυθρόκυττάρων χωρίς καταστροφικές ή σοβαρές συνυπάρχουσες παθήσεις - επιπλοκές;315;1
593;Ξ22Α;Διαταραχές πήξεως αίματος;514;3
594;Σ01Μ;Λέμφωμα και λευχαιμία με μείζονες χειρουργικες΄επεμβάσεις με καταστροφικές ή σοβαρές συνυπάρχουσες παθήσεις - επιπλοκές;8558;23
595;Σ01Χ;Λέμφωμα και λευχαιμία με μείζονες χειρουργικές Επεμβάσεις χωρίς καταστροφικές ή σοβαρές συνυπάρχουσες παθήσεις - επιπλοκές;2236;6
596;Σ02Μ;Άλλες νεοπλαστικές δυσλειτουργίες με μείζονες χειρουργικές επεμβάσεις με καταστροφικές συνυπάρχουσες παθήσεις - επιπλοκές;5777;18
597;Σ02Χα;Άλλες νεοπλαστικές δυσλειτουργίες με μείζονες χειρουργικές επεμβάσεις με σοβαρές ή μεσαίου μεγέθους συνυπάρχουσες παθήσεις - επιπλοκές;3109;8
598;Σ02Χβ;Άλλες νεοπλαστικές δυσλειτουργίες με μείζονες χειρουργικές επεμβάσεις χωρίς συνυπάρχουσες παθήσεις - επιπλοκές;2056;5
599;Σ03Μ;Λέμφωμα και λευχαιμία με άλλες χειρουργικές επεμβάσεις με μείζονες χειρουργικές επεμβάσεις με καταστροφικές ή σοβαρές συνυπάρχουσες παθήσεις - επιπλοκές;6097;20
600;Σ03Χ;Λέμφωμα και λευχαιμία με άλλες χειρουργικές επεμβάσεις χωρίς καταστροφικές ή σοβαρές συνυπάρχουσες παθήσεις - επιπλοκές;1099;3
601;Σ04Μ;Λοιπές νεοπλαστικές διαταραχές με χειρουργικές επεμβάσεις με συνυπάρχουσες παθήσεις - επιπλοκές;1694;7
602;Σ04Χ;Λοιπές νεοπλαστικές διαταραχές με χειρουργικές επεμβάσεις χωρίς συνυπάρχουσες παθήσεις - επιπλοκές;966;2
603;Σ20Μ;Οξεία λευχαιμία με καταστροφικές συνυπάρχουσες παθήσεις - επιπλοκές;7435;17
604;Σ20Χ;Οξεία λευχαιμία χωρίς καταστροφικές συνυπάρχουσες παθήσεις - επιπλοκές;988;3
605;Σ21Μ;Λέμφωμα και μη-οξεία λευχαιμία με καταστροφικές συνυπάρχουσες παθήσεις - επιπλοκές;3782;14
606;Σ21Χ;Λέμφωμα και μη-οξεία λευχαιμία χωρίς καταστροφικές συνυπάρχουσες παθήσεις - επιπλοκές;1886;5
607;Σ21Α;Λέμφωμα και μη-οξεία λευχαιμία, την ίδια ημέρα;294;1
608;Σ22Μ;Λοιπές νεοπλαστικές παθήσεις με συνυπάρχουσες παθήσεις - επιπλοκές;1253;6
609;Σ22Χ;Λοιπές νεοπλαστικές παθήσεις χωρίς συνυπάρχουσες παθήσεις - επιπλοκές;638;2
610;Ρ01Α;Σύνδρομο επίκτητης ανοσολογικής ανεπάρκειας (HIV), ίδια μέρα;443;1
611;Ρ05Μα;Ασθένειες σχετιζόμενες με το HIV με καταστροφικές  συνυπάρχουσες παθήσεις - επιπλοκές;8110;20
612;Ρ05Μβ;Ασθένειες σχετιζόμενες με το HIV με σοβαρές συνυπάρχουσες παθήσεις - επιπλοκές;3050;9
613;Ρ05Χ;Ασθένειες σχετιζόμενες με το HIV χωρίς καταστροφικές ή σοβαρές  συνυπάρχουσες παθήσεις - επιπλοκές;2140;6
614;Ρ10Μα;Επεμβάσεις για λοιμώδεις και παρασιτικές ασθένειες με καταστροφικές συνυπάρχουσες παθήσεις - επιπλοκές;7118;24
615;Ρ10Μβ;Επεμβάσεις για λοιμώδεις και παρασιτικές ασθένειες με σοβαρές ή μεσαίου μεγέθους συνυπάρχουσες παθήσεις - επιπλοκές;2688;12
616;Ρ10Χ;Επεμβάσεις για λοιμώδεις και παρασιτικές ασθένειες χωρίς συνυπάρχουσες παθήσεις - επιπλοκές;1473;7
617;Ρ20Α;Λοιμώδεις και παρασιτικές ασθενείς  με μηχανική υποστήριξη αναπνοής;6023;11
618;Ρ20Μ;Σηψαιμία με καταστροφικές συνυπάρχουσες παθήσεις - επιπλοκές;2514;11
619;Ρ20Χ;Σηψαιμία χωρίς καταστροφικές συνυπάρχουσες παθήσεις - επιπλοκές;1261;6
620;Ρ21Μ;Μετεγχειρητικές και μετεπεμβατικές λοιμώξεις με καταστροφικές ή σοβαρές συνυπάρχουσες παθήσεις - επιπλοκές;1556;8
621;Ρ21Χ;Μετεγχειρητικές και μετεπεμβατικές λοιμώξεις χωρίς καταστροφικές ή σοβαρές συνυπάρχουσες παθήσεις - επιπλοκές;778;4
622;Ρ22Μ;Εμπύρετο αγνώστου προελεύσεως με  συνυπάρχουσες παθήσεις – επιπλοκές;1105;5
623;Ρ22Χ;Εμπύρετο αγνώστου προελεύσεως χωρίς συνυπάρχουσες παθήσεις – επιπλοκές;444;2
624;Ρ23Α;Ιογενής λοιμώξεις;428;2
625;Ρ24Μα;Λοιπές λοιμώξεις και παρασιτικά νοσήματα με  καταστροφικές συνυπάρχουσες παθήσεις – επιπλοκές;3773;14
626;Ρ24Μβ;Λοιπές λοιμώξεις και παρασιτικά νοσήματα με  μέτριου βαθμού συνυπάρχουσες παθήσεις – επιπλοκές;1401;6
627;Ρ24Χ;Λοιπές λοιμώξεις και παρασιτικά νοσήματα χωρίς συνυπάρχουσες παθήσεις – επιπλοκές;623;3
628;Χ20Α;Θεραπεία διανοητικών διαταραχών με ηλεκτροσπασμοθεραπεία, ιδια μερα;148;1
629;Χ40Α;Θεραπεία διανοητικών διαταραχών χωρίς ηλεκτροσπασμοθεραπεία, ιδια μερα;140;1
630;Χ41Α;Σχιζοφρένεια;3066;21
631;Χ42Μ;Παράνοια και οξεία ψυχωτική διαταραχή με  καταστροφικές ή σοβαρές συνυπάρχουσες παθήσεις – επιπλοκές ή με νομικό καθεστώς ψυχικής υγείας;3268;15
632;Χ42Χ;Παράνοια και οξεία ψυχωτική διαταραχή με  καταστροφικές ή σοβαρές συνυπάρχουσες παθήσεις – επιπλοκές ή χωρίς νομικό καθεστώς ψυχικής υγείας;1331;8
633;Χ43Α;Μείζονες συναισθηματικές διαταραχές;2568;14
634;Χ44Α;Άλλες συναισθηματικές διαταραχές και διαταραχές μετατροπής;1152;7
635;Χ45Α;Αγχώδεις διαταραχές;965;4
636;Χ46Α;Ψυχαναγκαστικές διαταραχές και διαταραχές διατροφής;4171;20
637;Χ47Α;Διαταραχή προσωπικότητας και οξείες αντιδράσεις;1214;6
638;Χ48Α;Διανοητικές δυσλειτουργίες παιδικής ηλικίας;3261;10
639;Ι20Α;Αλκοολική δηλητηρίαση και σύνδρομο στέρησης;366;2
640;Ι21Α;Δηλητηρίαση-τοξικότητα από χρήση ναρκωτικών και σύνδρομο στέρησης;1089;5
641;Ι22Μ;Δυσλειτουργία από χρήση αλκοόλ και εξάρτηση;910;6
642;Ι22Χ;Δυσλειτουργία από χρήση αλκοόλ και εξάρτηση, της ίδιας μέρας;366;1
643;Ι23Α;Δυσλειτουργία από χρήση απιοειδών και εξάρτηση;576;5
644;Ι24Α;Δυσλειτουργία από χρήση άλλων ναρκωτικών και εξάρτηση;599;4
645;Φ01Α;Μηχανικός αερισμός αναπνοής ή κρανιακές επεμβάσεις για πολλαπλά μείζονα τραύματα;12204;21
646;Φ02Μ;Επεμβάσεις ισχίου, μηριαίου και άκρων για πολλαπλά μείζονα τραύματα, συμπεριλαμβανομένης εμφύτευσης  με καταστροφικές σοβαρές συνυπάρχουσες παθήσεις - επιπλοκές;9426;22
647;Φ02Χ;Επεμβάσεις ισχίου, μηριαίου και άκρων για πολλαπλά μείζονα τραύματα, συμπεριλαμβανομένης εμφύτευσης χωρίς καταστροφικές σοβαρές συνυπάρχουσες παθήσεις - επιπλοκές;8412;15
648;Φ03Α;Επεμβάσεις κοιλιακής χώρας για πολλαπλά μείζονα τραύματα;5386;13
649;Φ04Μ;Λοιπές χειρουργικές επεμβάσεις για πολλαπλό τραύμα με  καταστροφικές ή σοβαρές συνυπάρχουσες παθήσεις - επιπλοκές;8798;22
650;Φ04Χ;Λοιπές χειρουργικές επεμβάσεις για πολλαπλό τραύμα χωρίς  καταστροφικές ή σοβαρές συνυπάρχουσες παθήσεις - επιπλοκές;5558;11
651;Φ10Α;Πολυτραυματίας, νεκρός ή διακομισθής σε άλλη μονάδα θεραπείας κάτω από 5 ημέρες;1472;1
652;Φ11Μ;Πολυτραυματίας χωρίς σημαντικές επεμβάσεις με  καταστροφικές ή σοβαρές συνυπάρχουσες παθήσεις – επιπλοκές;3657;15
653;Φ11Χ;Πολυτραυματίας χωρίς σημαντικές επεμβάσεις και χωρίς  καταστροφικές ή σοβαρές συνυπάρχουσες παθήσεις – επιπλοκές;1883;7
654;Φ22Μ;Μικροχειρουργική μεταφορά ιστών ή δερματικό μόσχευμα με καταστροφικές ή σοβαρές συνυπάρχουσες παθήσεις- επιπλοκές για τραυματισμούς  άκρας χειρός;2357;5
655;Φ22Χ;Δερματικό μόσχευμα για τραύματα του χεριού χωρίς καταστροφικές ή σοβαρές συνυπάρχουσες παθήσεις - επιπλοκές;827;2
656;Φ24Μ;Λοιπές επεμβάσεις για τραύματα κάτω άκρων με καταστροφικές ή σοβαρές συνυπάρχουσες παθήσεις - επιπλοκές;2785;11
657;Φ24Χ;Λοιπές  επεμβάσεις για τραύματα κάτω άκρων χωρίς καταστροφικές ή σοβαρές συνυπάρχουσες παθήσεις - επιπλοκές;934;2
658;Φ25Μ;Άλλες επεμβάσεις για τραύματα χεριών με καταστροφικές ή σοβαρές συνυπάρχουσες παθήσεις ή επιπλοκές;1256;4
659;Φ25Χ;Άλλες επεμβάσεις για τραύματα χεριών χωρίς καταστροφικές ή σοβαρές συνυπάρχουσες παθήσεις - επιπλοκές;700;1
660;Φ26Μ;Άλλες επεμβάσεις για άλλους τραυματισμούς με καταστροφικές ή σοβαρές συνυπάρχουσες παθήσεις - επιπλοκές;2460;9
661;Φ26Χ;Άλλες επεμβάσεις για άλλους τραυματισμούς χωρίς καταστροφικές ή σοβαρές συνυπάρχουσες παθήσεις - επιπλοκές;828;2
662;Φ27Μ;Δερματικό μόσχευμα για τραυματισμούς εκτός από μικροχειρουργική μεταφορά ιστών χεριού με καταστροφικές ή σοβαρές συνυπάρχουσες παθήσεις - επιπλοκές;3631;17
663;Φ27Χ;Δερματικό μόσχευμα για τραυματισμούς εκτός από μικροχειρουργική μεταφορά ιστών χεριού χωρίς καταστροφικές ή σοβαρές συνυπάρχουσες παθήσεις - επιπλοκές;1479;6
664;Φ40Α;Τραύματα, δηλητηριάσεις και τοξικές επιδράσεις από φάρμακα με μηχανική υποστήριξη αναπνοής;3649;7
665;Φ60Μ;Τραύματα με  καταστροφικές ή σοβαρές συνυπάρχουσες παθήσεις – επιπλοκές;1144;7
666;Φ60Χ;Τραύματα χωρίς καταστροφικές ή σοβαρές συνυπάρχουσες παθήσεις – επιπλοκές;288;2
667;Φ61Α;Αλλεργικές αντιδράσεις;280;1
668;Φ62Μ;Δηλητηριάσεις, τοξικές επιδράσεις φαρμάκων και άλλων ουσιών με  καταστροφικές ή σοβαρές συνυπάρχουσες παθήσεις – επιπλοκές;1183;4
669;Φ62Χ;Δηλητηριάσεις, τοξικές επιδράσεις φαρμάκων και άλλων ουσιών χωρίς καταστροφικές ή σοβαρές συνυπάρχουσες παθήσεις – επιπλοκές;374;2
670;Φ63Μ;Δευτερογενείς επιπλοκές  θεραπείας με  καταστροφικές ή σοβαρές συνυπάρχουσες παθήσεις – επιπλοκές;1245;6
671;Φ63Χ;Δευτερογενείς επιπλοκές  θεραπείας χωρίς καταστροφικές ή σοβαρές συνυπάρχουσες παθήσεις – επιπλοκές;506;3
672;Φ64Μ;Άλλες διαγνώσεις τραυματισμού, δηλητηρίασης και τοξικής επίδρασης με  καταστροφικές ή σοβαρές συνυπάρχουσες παθήσεις – επιπλοκές;1159;5
673;Φ64Χ;Άλλες διαγνώσεις τραυματισμού, δηλητηρίασης και τοξικής επίδρασης χωρίς καταστροφικές ή σοβαρές συνυπάρχουσες παθήσεις – επιπλοκές;303;1
674;Ζ01Α;Μηχανική υποστήριξη αναπνοής για εγκαυματίες και σοβαρά ολικού πάχους εγκαύματα;36068;38
675;Ζ02Μ;Λοιπά εγκαύματα και δερματικά μοσχεύματα με συνυπάρχουσες παθήσεις-επιπλοκές;7225;18
676;Ζ02Χ;Λοιπά εγκαύματα και δερματικά μοσχεύματα χωρίς συνυπάρχουσες παθήσεις-επιπλοκές;2979;6
677;Ζ03Α;Λοιπές επεμβάσεις στο χειρουργείο για εγκαύματα;2312;5
678;Ζ20Α;Εγκαύματα που διακομίστηκαν σε άλλη μονάδα < 5 ημέρες;241;1
679;Ζ21Α;Σοβαρά εγκαύματα;848;4
680;Ζ22Μ;Άλλα εγκαύματα με  συνυπάρχουσες παθήσεις – επιπλοκές;1167;6
681;Ζ22Χ;Άλλα εγκαύματα χωρίς  συνυπάρχουσες παθήσεις – επιπλοκές;397;2
682;S01Μ;Χειρουργικές επεμβάσεις για διαγνώσεις που σχετίζονται με άλλη χρήση υπηρεσιών υγείας με σοβαρές ή καταστροφικές συνυπάρχουσες παθήσεις-επιπλοκές;2413;6
683;S01Χ;Χειρουργικές επεμβάσεις για διαγνώσεις που σχετίζονται με άλλη χρήση υπηρεσιών υγείας χωρίς σοβαρές ή καταστροφικές συνυπάρχουσες παθήσεις-επιπλοκές;1334;1
684;S01Α;Ενδοσκοπήσεις για διάγνωση για άλλη χρήση υπηρεσιών υγείας, ίδια ημέρα;540;1
685;S20Μ;Αποκατάσταση με  καταστροφικές συνυπάρχουσες παθήσεις – επιπλοκές;2716;20
686;S20Χ;Αποκατάσταση χωρίς  καταστροφικές συνυπάρχουσες παθήσεις – επιπλοκές;1759;19
687;S20Α;Αποκατάσταση, της ίδιας ημέρας;934;1
688;S21Μ;Σημεία και συμπτώματα;887;5
689;S21Χ;Σημεία και συμπτώματα, της ίδιας ημέρας;232;1
690;S23Μ;Follow up για χειρουργικές και ιατρικές υπηρεσίες και φροντίδα με καταστροφικές συνυπάρχουσες παθήσεις-επιπλοκές;2039;14
691;S23Χ;Follow up για χειρουργικές και ιατρικές υπηρεσίες και φροντίδα χωρίς καταστροφικές συνυπάρχουσες παθήσεις-επιπλοκές;848;6
692;S24Μ;Λοιποί παράγοντες επηρεασμού της κατάστασης της υγείας;770;4
693;S24Χ;Λοιποί παράγοντες επηρεασμού της κατάστασης της υγείας, την ίδια ημέρα;216;1
694;S25Α;Συγγενείς ανωμαλίες και προβλήματα από την νεογνική περίοδο;1082;4
695;G01Μα;Χειρουργικές επεμβάσεις που δεν σχετίζονται με κάποια κύρια διάγνωση με καταστροφικές συνυπάρχουσες παθήσεις-επιπλοκές;5709;22
696;G01Μβ;Χειρουργικές επεμβάσεις που δεν σχετίζονται με κάποια κύρια διάγνωση με σοβαρής βαρύτητας συνυπάρχουσες παθήσεις-επιπλοκές;3573;9
697;G01Χ;Χειρουργικές επεμβάσεις που δεν σχετίζονται με κάποια κύρια διάγνωση χωρίς συνυπάρχουσες παθήσεις-επιπλοκές;2182;3
698;W10Α;Μη εφικτό να ταξινομηθούν, μικρής βαρύτητας;2014;3
699;W11Α;Μη αποδεκτή κύρια διάγνωση, μικρής βαρύτητας;991;2
700;W13Α;Διάγνωση για νεογνά, που δεν είναι συμβατή με την ηλικία/βάρος, μικρής βαρύτητας;685;2
