ΑΜΚΑ_ΠΡΟΣΩΠΙΚΟΥ,ΟΝΟΜΑ,ΕΠΩΝΥΜΟ,ΗΛΙΚΙΑ,EMAIL,ΤΗΛΕΦΩΝΟ,ΗΜΕΡΟΜΗΝΙΑ_ΠΡΟΣΛΗΨΗΣ,ΤΥΠΟΣ_ΠΡΟΣΩΠΙΚΟΥ
10086060998,Σπυρίδων,Φρογάκης,65,spyridon_frogakis@hospital.gr,6915314454,2025-04-20,Ιατρός
24127184919,Πελαγία,Συνοδινού,54,pelagia_synodinoy@hospital.gr,2108938232,2025-08-15,Ιατρός
20027156874,Τρύφων,Πικρός,55,tpikros@hospital.gr,2620080907,2025-11-08,Ιατρός
08117665345,Κυπαρισσία,Φλασκή,49,kyparissia_flaski@hospital.gr,6912 166856,2026-07-01,Ιατρός
02119001109,Κυριάκος,Βασιλογιάννης,35,kyriakos_vasilogiannis@hospital.gr,2800 481837,2024-11-05,Ιατρός
04096470957,Γρηγόριος,Κριτσέλης,61,gkritselis@hospital.gr,2640 767887,2024-08-29,Ιατρός
17019408693,Ιουλία,Μωυσίδου,32,ioylia_moysidoy@hospital.gr,210 671 4989,2024-06-20,Ιατρός
13129208275,Κωστούλα,Βουτσινά,33,kvoytsina@hospital.gr,+30 2145 141431,2025-07-01,Ιατρός
15027849121,Παντούλα,Φειζατίδου,48,pfeizatidoy@hospital.gr,(+30) 2268 666321,2026-06-03,Ιατρός
08078996446,Αποστολία,Τσούρα,36,apostolia_tsoyra@hospital.gr,2809017144,2026-03-02,Ιατρός
14076889096,Νταίζη,Αγγελουσοπούλου,57,ntaizi.aggeloysopoyloy@hospital.gr,22830 47 934,2026-08-13,Ιατρός
07086512984,Ασκληπιός,Ανδρουλάκης,60,asklipios_androylakis@hospital.gr,+306988509392,2024-08-16,Ιατρός
11019339247,Άριστος,Γιαννακέας,33,agiannakeas@hospital.gr,+302895089688,2024-09-30,Ιατρός
17129595144,Αργυρώ,Κατσιμάλη,30,argyro_katsimali@hospital.gr,+30 6928 240646,2024-01-27,Ιατρός
30068836428,Αρέθα,Βαρελίδου,37,aretha.varelidoy@hospital.gr,+30 2740 019012,2026-02-08,Ιατρός
27116381556,Ρούσα,Ξηροδήμα,62,roysa_xirodima@hospital.gr,210 8324884,2024-05-14,Ιατρός
04049877134,Βλασία,Ξενίδη,28,vlasia_xenidi@hospital.gr,6952 932466,2026-08-17,Ιατρός
31018504386,Ιωάννα,Φιλιάγκου,41,ioanna_filiagkoy@hospital.gr,2102789313,2024-08-17,Ιατρός
29048747950,Πλάτων,Γερόπουλος,39,pgeropoylos@hospital.gr,6908 045629,2025-10-17,Ιατρός
03097463750,Ζηνοβία,Καρολίδου,51,zinovia.karolidoy@hospital.gr,28040 23 520,2026-11-25,Ιατρός
31056269522,Σεραφείμ,Ρουσιανός,63,serafeim.roysianos@hospital.gr,2103785041,2024-01-02,Ιατρός
07068540070,Λάσκαρης,Σμυρνιώτης,40,laskaris.smyrniotis@hospital.gr,6918482102,2026-04-07,Ιατρός
18098586120,Πλάτων,Τσούμος,40,platon_tsoymos@hospital.gr,2200511632,2025-09-30,Ιατρός
11087036989,Διογένης,Ξηρός,55,diogenis.xiros@hospital.gr,(+30) 2225 026831,2026-08-27,Ιατρός
08046234626,Σπήλιος,Κελαϊδώνης,64,skelaidonis@hospital.gr,6992 735944,2026-11-26,Ιατρός
13036214191,Διογένης,Πολυχρονίδης,64,diogenis.polychronidis@hospital.gr,20760 98 914,2025-06-24,Ιατρός
06127921077,Βαλεντίνος,Γεωργούδης,46,vgeorgoydis@hospital.gr,2480118002,2026-03-01,Ιατρός
01037803167,Βαρθολομαίος,Σπάλας,48,vspalas@hospital.gr,6939 724 411,2026-06-15,Ιατρός
11029101695,Παντελής,Βουτσελας,35,pantelis_voytselas@hospital.gr,6989158557,2026-04-23,Ιατρός
14107187228,Κλυταιμνήστρα,Παλιούρα,54,klytaimnistra.palioyra@hospital.gr,2090912301,2024-07-06,Ιατρός
26049275048,Καλυψώ,Κατσαφάδου,34,kkatsafadoy@hospital.gr,210 4328237,2024-08-26,Ιατρός
07079445783,Αστέριος,Ευταξιάς,31,asterios_eytaxias@hospital.gr,+306919349192,2025-07-30,Ιατρός
21046521057,Γαληνός,Λάτσκος,61,galinos.latskos@hospital.gr,2990818354,2025-04-01,Ιατρός
05056159470,Διονύσιος,Ζυγούρης,65,dionysios_zygoyris@hospital.gr,2105567409,2024-04-10,Ιατρός
20039428891,Αδάμ,Φουντζούλας,32,afoyntzoylas@hospital.gr,6944634283,2025-09-09,Ιατρός
27058235299,Ορέστης,Μυσιρλής,43,orestis.mysirlis@hospital.gr,2260706530,2024-10-07,Ιατρός
09077793434,Φιλιππία,Κοκκινίδου,48,filippia_kokkinidoy@hospital.gr,(+30) 2895 251005,2025-03-06,Ιατρός
03047764549,Μερκούριος,Ρέντας,49,mrentas@hospital.gr,6922347868,2025-08-10,Ιατρός
25086572696,Κασσιανή,Παναγιωτακοπούλου,60,kassiani.panagiotakopoyloy@hospital.gr,+30 2937 127247,2026-09-21,Ιατρός
25066070679,Χαραλαμπία,Λυρή,65,charalampia_lyri@hospital.gr,+30 2878 568974,2024-09-01,Ιατρός
21116234129,Ματρώνη,Τσώνη,63,matroni_tsoni@hospital.gr,6992 917 927,2025-02-02,Ιατρός
26026494790,Βελισσάριος,Σπανός,62,vspanos@hospital.gr,2620223262,2024-01-18,Ιατρός
05059061176,Χρυσοβαλάντιος,Κτενίδης,36,cktenidis@hospital.gr,2590 226076,2024-10-23,Ιατρός
20047493220,Γκίκας,Σπάλας,52,gkikas_spalas@hospital.gr,210 4456777,2025-05-07,Ιατρός
07119294567,Θεόφιλος,Γιαννακόπουλος,33,theofilos.giannakopoylos@hospital.gr,210 314 3864,2024-04-14,Ιατρός
06067883458,Ρηγούλα,Στεφάνου,47,rigoyla_stefanoy@hospital.gr,210 395 2214,2024-10-06,Ιατρός
10116142591,Ιούλιος,Περιστερόπουλος,64,iperisteropoylos@hospital.gr,210 718 5924,2025-05-29,Ιατρός
07067536585,Σέργιος,Κεσαλίδης,50,skesalidis@hospital.gr,2106783497,2024-09-15,Ιατρός
08066384048,Αρτεμισία,Διακουμή,62,artemisia_diakoymi@hospital.gr,28130 67 279,2025-04-29,Ιατρός
07077275306,Χάιδω,Καλογιάννη,53,chaido_kalogianni@hospital.gr,6937 232 175,2026-03-12,Ιατρός
25067470203,Γιάννης,Δρακόπουλος,51,giannis_drakopoylos@hospital.gr,6984 886 792,2024-08-06,Ιατρός
07017336764,Δαμιανός,Μητρόπουλος,53,dmitropoylos@hospital.gr,2404013195,2025-10-15,Ιατρός
26056031201,Πολύκαρπος,Κουλίζος,65,pkoylizos@hospital.gr,210 6831778,2025-09-29,Ιατρός
04066241219,Μαρίνος,Σπανός,63,marinos_spanos@hospital.gr,+30 6950 065589,2026-12-12,Ιατρός
28106015571,Μαύρος,Δημητρίου,65,mayros_dimitrioy@hospital.gr,+30 2672 004819,2024-03-25,Ιατρός
21056659269,Χριστόφιλη,Τουλούπη,59,christofili.toyloypi@hospital.gr,2390408963,2026-05-28,Ιατρός
16109211017,Λέανδρος,Γεράρδης,33,lgerardis@hospital.gr,2400132317,2026-10-20,Ιατρός
12097182585,Κύρος,Κούτσικος,54,kyros_koytsikos@hospital.gr,2180187779,2025-02-28,Ιατρός
21029390527,Μιράντα,Δαρδιώτη,33,miranta.dardioti@hospital.gr,2104775045,2025-04-27,Ιατρός
31036764120,Ποθητή,Μανοπούλου,59,pmanopoyloy@hospital.gr,+30 6965 688515,2026-07-05,Ιατρός
01068388909,Νεοκλής,Πλακωτάρης,42,nplakotaris@hospital.gr,(+30) 2779 220273,2025-04-25,Ιατρός
31127162692,Ιφιγένεια,Μαράκη,54,imaraki@hospital.gr,2208017918,2025-06-04,Ιατρός
30128750138,Κυριάκος,Χητός,38,kchitos@hospital.gr,25640 36 838,2024-10-10,Ιατρός
10127855123,Χριστοφόρα,Αρματά,47,carmata@hospital.gr,+30 6987 515921,2026-02-12,Ιατρός
27047450977,Βενέτιος,Μεταξάς,52,venetios.metaxas@hospital.gr,26420 48 611,2025-07-16,Ιατρός
21107026591,Υακίνθη,Δουκίδου,55,ydoykidoy@hospital.gr,2101710339,2024-10-01,Ιατρός
17099112296,Γιολάντα,Ξηροδήμα,34,gxirodima@hospital.gr,(+30) 2593 865552,2025-12-10,Ιατρός
16057668308,Κυριαζής,Ρέντζος,50,kyriazis.rentzos@hospital.gr,2890953104,2024-09-25,Ιατρός
13128886585,Εύα,Φασατάκη,37,eya_fasataki@hospital.gr,210 5953921,2024-02-17,Ιατρός
07096320081,Πολυτίμη,Κουλοχέρη,62,pkoylocheri@hospital.gr,2540735178,2024-03-31,Ιατρός
06106702650,Ματρώνη,Ξηροτύρη,58,matroni.xirotyri@hospital.gr,2450868338,2024-07-02,Ιατρός
06067101897,Ευανθία,Αραπάκη,54,eyanthia_arapaki@hospital.gr,2103858727,2025-12-19,Ιατρός
22029134563,Αχιλλεία,Κολτσάκη,35,akoltsaki@hospital.gr,2880 177 051,2026-03-16,Ιατρός
24127417202,Πανδώρα,Χαλαντζούκα,51,pandora.chalantzoyka@hospital.gr,+30 6903 490031,2024-01-23,Ιατρός
24107206566,Βασίλης,Μάστορας,53,vasilis.mastoras@hospital.gr,(+30) 6935 132192,2024-05-12,Ιατρός
01026474429,Αθηνοδώρα,Καλογιαννάκη,62,athinodora.kalogiannaki@hospital.gr,+302542776789,2024-02-02,Ιατρός
16058088797,Παταπία,Παπανδρικοπούλου,46,patapia.papandrikopoyloy@hospital.gr,2106754425,2026-02-11,Ιατρός
06027984112,Βασιλική,Πουλιάση,47,vasiliki_poyliasi@hospital.gr,6992 094410,2025-09-29,Ιατρός
20117228047,Θεόκλεια,Πάντου,53,theokleia.pantoy@hospital.gr,+30 2448 323103,2025-12-11,Ιατρός
10066642723,Σμαράγδα,Νταγκαλή,59,smaragda.ntagkali@hospital.gr,(+30) 2318 082635,2024-11-09,Ιατρός
06088858657,Γιώργος,Τριαντακωνσταντής,37,giorgos.triantakonstantis@hospital.gr,+302435177579,2025-08-27,Ιατρός
11028804475,Βενιζέλος,Χατζαντώνης,38,vchatzantonis@hospital.gr,+302189282032,2025-09-20,Ιατρός
08117716641,Θεοχαρούλα,Αβραμίδου,48,theocharoyla.avramidoy@hospital.gr,6941 207379,2025-01-11,Ιατρός
14027204472,Πολύβιος,Τζήκας,54,ptzikas@hospital.gr,+302072492575,2024-12-01,Ιατρός
22089289312,Βενέτιος,Γιατρομανωλάκης,33,vgiatromanolakis@hospital.gr,2680 466433,2026-04-19,Ιατρός
18048136821,Γιαννούλα,Κορομπόκη,45,gkorompoki@hospital.gr,+30 2571 572616,2024-10-10,Ιατρός
13049344733,Θεοφίλη,Δελή,33,tdeli@hospital.gr,(+30) 2134 557398,2024-01-14,Ιατρός
17116460629,Ευστράτιος,Γιαννέλος,61,egiannelos@hospital.gr,2260 065 341,2026-12-04,Ιατρός
15068957567,Πάρις,Ανδριανός,36,paris_andrianos@hospital.gr,2100062693,2026-08-23,Ιατρός
13019511418,Σαπφώ,Κατσανίκου,31,skatsanikoy@hospital.gr,+302729094399,2024-08-31,Ιατρός
30037959532,Καλομοίρα,Βερβερίδου,47,kververidoy@hospital.gr,2660092951,2026-02-21,Ιατρός
29018364310,Ανθούλα,Πατινιωτάκη,43,anthoyla_patiniotaki@hospital.gr,+30 6935 029588,2026-04-11,Ιατρός
13019416697,Χριστοδούλα,Σεβαστού,32,christodoyla_sevastoy@hospital.gr,210 7003917,2025-08-28,Ιατρός
10088406393,Κυριαζής,Παπαευαγγελίου,41,kyriazis.papaeyaggelioy@hospital.gr,+30 2786 417712,2025-11-12,Ιατρός
02036522626,Οδύσσεια,Κολαΐτου,61,odysseia.kolaitoy@hospital.gr,(+30) 2938 926013,2024-01-02,Ιατρός
19048935115,Σεραφεία,Κουτσικούρη,37,serafeia_koytsikoyri@hospital.gr,210 063 6517,2025-05-29,Ιατρός
10098802211,Ησαΐας,Φωκάς,37,isaias.fokas@hospital.gr,6956 044 122,2025-07-11,Ιατρός
17087168135,Ευσεβία,Βασιλοπούλου,54,evasilopoyloy@hospital.gr,2470 218 720,2024-06-10,Ιατρός
30066643000,Ερμιόνη,Χατζηγεωργίου,59,ermioni.chatzigeorgioy@hospital.gr,2280092020,2026-11-21,Ιατρός
22036277849,Στέφανος,Σπορδιλής,64,stefanos.spordilis@hospital.gr,6906 648513,2026-01-18,Ιατρός
21059604573,Αθηνόδωρος,Θεοχάρης,29,athinodoros_theocharis@hospital.gr,2101620184,2024-05-16,Ιατρός
19088103483,Πραξιτέλης,Τσικνιάς,44,praxitelis_tsiknias@hospital.gr,2600 123 009,2024-12-15,Ιατρός
16049105631,Σιρανούς,Μπέκος,35,smpekos@hospital.gr,29940 77 555,2026-01-13,Ιατρός
03116493443,Φερενίκη,Λύτρα,61,flytra@hospital.gr,2101772161,2024-05-14,Ιατρός
18077668129,Τριαντάφυλλος,Τσότρας,49,triantafyllos_tsotras@hospital.gr,2230 037047,2024-11-07,Ιατρός
04027352612,Μικές,Πίππας,53,mikes.pippas@hospital.gr,+306963629394,2024-03-10,Ιατρός
09087465106,Υακίνθη,Παυλάκη,51,yakinthi_paylaki@hospital.gr,2850872812,2026-03-26,Ιατρός
22069080015,Λουκία,Τζιγκούρα,35,loykia.tzigkoyra@hospital.gr,210 5156408,2026-11-03,Ιατρός
26109596245,Παυλίνα,Μαυροείδη,30,paylina_mayroeidi@hospital.gr,6945 401506,2025-12-23,Ιατρός
06017832098,Βασιλική,Ευαγγελίδη,48,vasiliki_eyaggelidi@hospital.gr,210 5997759,2026-04-03,Ιατρός
25099582251,Τιμολέων,Μάστορας,30,tmastoras@hospital.gr,6937 860 911,2025-03-13,Ιατρός
18026491407,Ορέστης,Ζώνιος,62,orestis_zonios@hospital.gr,210 137 3745,2025-04-06,Ιατρός
25087114134,Ιουλιανός,Σαμανίδης,54,ioylianos.samanidis@hospital.gr,2780967529,2024-01-04,Ιατρός
02097580827,Αργύριος,Ντουλιάς,50,antoylias@hospital.gr,+302244378581,2025-04-28,Ιατρός
20027211534,Αδαμαντία,Τάντου,54,adamantia_tantoy@hospital.gr,(+30) 6908 467417,2025-08-30,Ιατρός
20036906148,Μάρκος,Δόβας,57,mdovas@hospital.gr,+30 6920 383692,2026-05-07,Ιατρός
10028991768,Ράλλης,Μανίκας,37,rallis.manikas@hospital.gr,2103065475,2026-12-02,Ιατρός
08097338699,Ιούλιος,Παναγιωτακόπουλος,52,ioylios.panagiotakopoylos@hospital.gr,(+30) 2716 597407,2024-05-11,Ιατρός
27016538344,Κωνσταντίνος,Ζολώτας,61,konstantinos.zolotas@hospital.gr,210 684 8906,2024-12-29,Ιατρός
19038209414,Παντελής,Περπινιάς,44,pantelis.perpinias@hospital.gr,2809042778,2024-10-04,Ιατρός
04119372013,Αγαπητός,Μαρακάς,32,agapitos.marakas@hospital.gr,6983 476987,2026-06-28,Ιατρός
26027420823,Δωρόθεος,Γάτος,52,dorotheos.gatos@hospital.gr,210 378 2661,2026-12-17,Ιατρός
19067764454,Δημόκριτος,Ψυχιάς,48,dpsychias@hospital.gr,+306941878295,2025-02-21,Ιατρός
27038876062,Αργυρούλα,Μηνά,38,amina@hospital.gr,(+30) 6936 834597,2026-12-20,Ιατρός
29069575442,Ανανίας,Χρυσίδης,30,ananias_chrysidis@hospital.gr,(+30) 2435 396735,2024-09-14,Ιατρός
12057413455,Ισιδώρα,Κανελλοπούλου,52,ikanellopoyloy@hospital.gr,6962123387,2026-02-18,Ιατρός
06129398379,Υπαπαντή,Μιχαηλίδου,32,ypapanti_michailidoy@hospital.gr,+302709165030,2024-11-09,Ιατρός
04028115193,Ευμορφία,Ζαφείρη,45,eymorfia_zafeiri@hospital.gr,6948461884,2024-07-21,Ιατρός
23018735761,Μυρσίνη,Τσάκη,39,mtsaki@hospital.gr,2450497022,2026-09-19,Ιατρός
05069279544,Καλυψώ,Κουτσουρέλη,33,kkoytsoyreli@hospital.gr,6953 122 256,2025-06-04,Ιατρός
21079047523,Ευτύχιος,Χατζηγρηγοράκης,35,echatzigrigorakis@hospital.gr,+30 6940 715485,2026-05-13,Ιατρός
14036730831,Ναπολέων,Κουρσάρης,59,napoleon_koyrsaris@hospital.gr,(+30) 6934 475183,2024-06-28,Ιατρός
18078628006,Αριάδνη,Γραμμένου,39,ariadni_grammenoy@hospital.gr,2180 286634,2025-07-31,Ιατρός
01078222862,Ζαφείριος,Γερόπουλος,43,zafeirios_geropoylos@hospital.gr,2439089294,2024-05-04,Ιατρός
28027843113,Βενετία,Παπακώστα,48,venetia_papakosta@hospital.gr,(+30) 2262 058075,2024-09-04,Ιατρός
27039198147,Θεοφίλη,Φωτακοπούλου,35,theofili.fotakopoyloy@hospital.gr,+30 6900 179719,2026-02-13,Ιατρός
03089789067,Τίτος,Καταραχιάς,28,tkatarachias@hospital.gr,6918848611,2024-02-29,Ιατρός
04119239492,Αντιγόνη,Σιδηροπούλου,33,antigoni_sidiropoyloy@hospital.gr,6976 911 866,2025-10-07,Ιατρός
08038064163,Ερρίκος,Ρουσιανός,46,errikos.roysianos@hospital.gr,6920 325116,2026-03-17,Ιατρός
18117707554,Ιππολύτη,Κεσίση,48,ippolyti.kesisi@hospital.gr,2110 271948,2025-11-08,Ιατρός
20056259580,Πολυνίκη,Δρόσου,63,polyniki.drosoy@hospital.gr,2360327375,2024-11-13,Ιατρός
06066504974,Περιστέρα,Τσούρα,60,peristera_tsoyra@hospital.gr,2750 393100,2024-07-01,Ιατρός
16027098320,Παντούλα,Δανδανίδου,56,pantoyla.dandanidoy@hospital.gr,2426055405,2025-08-23,Ιατρός
14017779931,Εύκλεια,Σαπρίκη,49,eykleia_sapriki@hospital.gr,2480 463 657,2024-08-17,Ιατρός
06086096998,Πασχάλης,Κουλίδης,65,paschalis_koylidis@hospital.gr,6957 269 775,2024-05-02,Ιατρός
02036898951,Ιωσήφ,Τουρναβίτης,58,itoyrnavitis@hospital.gr,+30 6900 708587,2026-12-23,Ιατρός
28126455528,Χρύσανθος,Κεσεμίδης,61,ckesemidis@hospital.gr,+306921834400,2026-07-15,Ιατρός
24107406710,Θεόπιστος,Πανούσης,51,tpanoysis@hospital.gr,2103279074,2026-04-04,Ιατρός
07038155297,Ευμένιος,Μανωλέας,45,emanoleas@hospital.gr,(+30) 6970 367941,2024-03-01,Ιατρός
24068366431,Ιερώνυμος,Παπαδάκης,42,ieronymos.papadakis@hospital.gr,210 1010328,2025-04-05,Ιατρός
26086400932,Απολλωνία,Βαρθαλίτη,61,apollonia_varthaliti@hospital.gr,2735067496,2024-08-30,Ιατρός
03047170651,Μελίνα,Γκάβρου,55,melina_gkavroy@hospital.gr,2800033163,2026-06-15,Ιατρός
01126898842,Ροδαμάνθη,Κωνσταντινίδου,57,rkonstantinidoy@hospital.gr,2850 017 663,2025-07-09,Ιατρός
01028453566,Μακάριος,Τσουκνίδας,42,makarios_tsoyknidas@hospital.gr,6902004785,2026-03-04,Ιατρός
27127004840,Βαλεντίνα,Βασιλάκη,55,vvasilaki@hospital.gr,2260 969 497,2026-06-05,Ιατρός
22077399915,Δέσποινα,Αλυσανδράτου,52,despoina.alysandratoy@hospital.gr,2750025909,2026-01-07,Ιατρός
03079784188,Γιώργος,Μπουλούκος,28,giorgos_mpoyloykos@hospital.gr,(+30) 6972 901993,2024-04-15,Ιατρός
29087896734,Ιακωβίνα,Παπανδρικοπούλου,47,iakovina_papandrikopoyloy@hospital.gr,210 991 2484,2025-09-18,Ιατρός
17049454625,Ευσέβιος,Τσεμπερλίδης,32,eysevios.tsemperlidis@hospital.gr,2109029020,2026-02-11,Ιατρός
15036205266,Αγγελής,Ρέντζος,64,arentzos@hospital.gr,6993 674 744,2024-12-05,Ιατρός
27119559754,Χρίστος,Σίδερης,30,christos.sideris@hospital.gr,(+30) 6903 511117,2024-09-03,Ιατρός
06067129338,Πραξιτέλης,Ντόκος,54,praxitelis_ntokos@hospital.gr,6948 383176,2026-03-01,Ιατρός
07017002380,Τρισεύγενη,Μαγούλα,56,triseygeni.magoyla@hospital.gr,2740 999 070,2025-09-28,Ιατρός
04107581800,Μικές,Τσέγας,50,mikes.tsegas@hospital.gr,6909 055160,2024-08-04,Ιατρός
10038736913,Φρειδερίκος,Χριστάρας,39,freiderikos.christaras@hospital.gr,2107471263,2026-06-13,Ιατρός
07039120569,Μηνάς,Φρογάκης,35,mfrogakis@hospital.gr,+302124344948,2026-08-11,Ιατρός
23038301805,Ηώ,Γιατράκου,43,io_giatrakoy@hospital.gr,2170543265,2025-04-30,Ιατρός
02018629858,Γρηγόριος,Κούρτης,40,gkoyrtis@hospital.gr,2561042587,2026-04-21,Ιατρός
21037222305,Αρτέμης,Βελεντζάς,54,artemis.velentzas@hospital.gr,2526091551,2026-06-04,Ιατρός
21017629522,Μαριάνθη,Νταγκαλή,50,mntagkali@hospital.gr,(+30) 2474 183879,2025-01-15,Ιατρός
25067343186,Ρηγούλα,Σαριδάκη,52,rigoyla.saridaki@hospital.gr,210 890 4186,2025-05-17,Ιατρός
13049573563,Πρόδρομος,Φυδάνης,31,pfydanis@hospital.gr,2890 183189,2025-01-20,Ιατρός
19119585662,Πέτρα,Σπαθάρη,30,pspathari@hospital.gr,2350 213 550,2025-05-20,Ιατρός
04077053309,Ευστάθιος,Σαρρός,55,eystathios.sarros@hospital.gr,210 3685109,2025-11-21,Ιατρός
16038345197,Πολύβιος,Πιπεράκης,43,polyvios.piperakis@hospital.gr,210 0511419,2025-07-21,Ιατρός
16108629101,Μελπομένη,Μπακουλή,39,melpomeni_mpakoyli@hospital.gr,+306959956438,2025-10-11,Ιατρός
18027242588,Ιωακείμ,Γεωργούδης,54,ioakeim.georgoydis@hospital.gr,+302926601618,2024-02-22,Ιατρός
30087210990,Μικές,Χατζησάββας,53,mikes.chatzisavvas@hospital.gr,+30 6991 528149,2024-07-27,Ιατρός
12087368022,Πολύβιος,Δινεζάκης,52,pdinezakis@hospital.gr,6933 772959,2025-12-15,Ιατρός
26086295833,Ιακωβίνα,Σιούτα,63,isioyta@hospital.gr,2200 529575,2026-04-15,Ιατρός
01099600492,Ιορδανία,Γαβριήλ,29,igavriil@hospital.gr,(+30) 6961 468456,2025-01-08,Ιατρός
14026323754,Άριστος,Τσεμπερλίδης,63,aristos_tsemperlidis@hospital.gr,210 760 4294,2024-11-11,Ιατρός
19028204618,Φαίδων,Φιλιππάτος,44,faidon.filippatos@hospital.gr,(+30) 2979 524908,2024-01-16,Ιατρός
24059714537,Μαρτίνος,Ζαραφέτας,28,martinos_zarafetas@hospital.gr,(+30) 2524 170776,2024-07-22,Ιατρός
29018720992,Γαρύφαλλος,Μεταξάς,39,garyfallos_metaxas@hospital.gr,6977991822,2025-11-17,Ιατρός
01109198508,Αγάθη,Κασμιρλή,34,agathi_kasmirli@hospital.gr,+30 6995 890276,2025-07-05,Ιατρός
06129006779,Λάσκαρης,Πευκιανάκης,35,lpeykianakis@hospital.gr,29860 00 941,2024-10-18,Ιατρός
16098922011,Παντελεήμων,Φαλιέρος,36,panteleimon.falieros@hospital.gr,2170 701590,2024-07-08,Ιατρός
07126830003,Λάζαρος,Ζαραφέτας,57,lazaros_zarafetas@hospital.gr,+30 6959 741965,2024-11-28,Ιατρός
18079137617,Κοσμάς,Μπουλούκος,34,kosmas.mpoyloykos@hospital.gr,2270 786 512,2025-01-18,Ιατρός
25126627516,Μυρσίνη,Μαγούλα,59,myrsini_magoyla@hospital.gr,+30 6979 745065,2026-07-03,Ιατρός
05038245675,Χλόη,Γιανναρά,44,cgiannara@hospital.gr,+306932286422,2024-06-10,Ιατρός
10049377861,Φωτεινή,Μακροπούλου,33,foteini_makropoyloy@hospital.gr,+30 6923 434430,2026-03-08,Ιατρός
07128933392,Κυβέλη,Βλάχου,36,kyveli_vlachoy@hospital.gr,(+30) 6974 260932,2025-08-14,Ιατρός
03077355047,Χάρις,Μιχαηλίδης,52,charis.michailidis@hospital.gr,2820 036 204,2024-06-01,Ιατρός
09046647100,Φλωρεντία,Φυτιλή,60,ffytili@hospital.gr,+30 2711 750971,2026-12-13,Ιατρός
19029442004,Παράσχος,Χριστόπουλος,32,pchristopoylos@hospital.gr,2930 622 430,2025-12-12,Ιατρός
20066498687,Γκίκας,Χριστάκης,61,gkikas.christakis@hospital.gr,25910 15 446,2026-11-20,Ιατρός
29038506566,Επαμεινώνδας,Βαβουράκης,41,epameinondas.vavoyrakis@hospital.gr,210 837 7978,2026-11-22,Ιατρός
24119277882,Ευδοκία,Χαλβατζή,33,eydokia_chalvatzi@hospital.gr,2683038127,2026-02-18,Ιατρός
14048983004,Πρόδρομος,Νικητόπουλος,37,prodromos.nikitopoylos@hospital.gr,+306906859111,2026-06-24,Ιατρός
23017282546,Γερακίνα,Κασσωτάκη,54,gerakina.kassotaki@hospital.gr,(+30) 6971 593201,2024-10-03,Ιατρός
22056473676,Σουλτάνα,Δαμήλου,61,soyltana_damiloy@hospital.gr,(+30) 2830 531877,2025-07-17,Ιατρός
04056123282,Δάφνη,Σπανίδου,65,dspanidoy@hospital.gr,2020128987,2026-04-05,Ιατρός
15097845869,Ταξίαρχος,Αντωνέας,47,taxiarchos_antoneas@hospital.gr,2109687514,2024-01-27,Ιατρός
19026775246,Μακάριος,Τριαντακωνσταντής,59,mtriantakonstantis@hospital.gr,2220 857423,2026-08-24,Ιατρός
15039665806,Τσαμπίκα,Μανιτάρου,30,tsampika.manitaroy@hospital.gr,6938287083,2025-12-27,Ιατρός
28086691989,Ειρήνη,Βυζιηνού,59,evyziinoy@hospital.gr,6954274383,2025-12-30,Ιατρός
28057037026,Μαυρούδης,Πικρός,55,mpikros@hospital.gr,+30 2632 120321,2024-10-30,Ιατρός
24097463592,Χρήστος,Μπαλουκίδης,51,christos.mpaloykidis@hospital.gr,+302600262228,2026-01-11,Ιατρός
18047974063,Αθηνά,Σοκολάκη,47,asokolaki@hospital.gr,2101947227,2026-12-08,Ιατρός
03117001638,Ζηνόβιος,Κατσαρός,55,zinovios_katsaros@hospital.gr,210 718 1752,2026-12-25,Ιατρός
11069420002,Ραχήλ,Πατσούρας,31,rpatsoyras@hospital.gr,+30 6904 170316,2026-05-20,Ιατρός
08107948767,Ντανιέλα,Πανταζή,46,npantazi@hospital.gr,210 0234794,2025-04-12,Ιατρός
01058889994,Βαρσαμία,Τζιόβα,38,varsamia.tziova@hospital.gr,+306984353630,2026-03-29,Ιατρός
22056024879,Βλάσιος,Αντωνιάδης,65,vlasios_antoniadis@hospital.gr,+306924552087,2025-12-05,Ιατρός
04037503050,Λουκιανός,Καρανασίου,51,loykianos_karanasioy@hospital.gr,210 647 2247,2024-05-21,Ιατρός
24079369309,Θεόδουλος,Μαγκούφης,32,theodoylos.magkoyfis@hospital.gr,2640820801,2026-10-04,Ιατρός
19097671585,Ράλλης,Αφρουδάκης,49,rafroydakis@hospital.gr,210 0927118,2026-07-07,Ιατρός
23077968309,Βασιλική,Παπαευαγγέλου,46,vasiliki.papaeyaggeloy@hospital.gr,+302730067351,2026-10-02,Ιατρός
19027744421,Αδάμ,Κολχούρης,49,akolchoyris@hospital.gr,6971736789,2026-11-27,Ιατρός
24128760642,Γιάννης,Τσιγαρίδας,38,giannis.tsigaridas@hospital.gr,+30 6982 318190,2024-09-30,Ιατρός
11117481536,Ποθητή,Αθανασιάδου,51,pothiti_athanasiadoy@hospital.gr,210 665 0959,2026-01-20,Ιατρός
20118029005,Πύρρος,Αντωνέας,45,pyrros_antoneas@hospital.gr,+30 6963 893100,2024-04-17,Ιατρός
14087685423,Ευριπίδης,Χρυσικός,49,echrysikos@hospital.gr,+306933555707,2026-01-15,Ιατρός
02088557462,Ανδρομέδα,Τζάγκα,40,atzagka@hospital.gr,+30 2092 706774,2025-01-12,Ιατρός
27128879809,Μυρσίνη,Καψή,37,myrsini_kapsi@hospital.gr,+30 6954 860383,2025-04-09,Ιατρός
17086545716,Βαρβάρα,Δαμήλου,60,varvara.damiloy@hospital.gr,(+30) 6995 790854,2024-07-05,Ιατρός
15017994679,Φιλαρέτη,Κουρλού,47,filareti_koyrloy@hospital.gr,6944527021,2025-09-26,Ιατρός
16037267290,Μαρτίνος,Κατσίφος,54,martinos_katsifos@hospital.gr,21910 70 491,2026-06-30,Ιατρός
07058449408,Ζησούλα,Σπαθάρη,42,zisoyla_spathari@hospital.gr,2090656327,2026-07-11,Ιατρός
21107446461,Αδάμ,Ρίγκος,51,adam.rigkos@hospital.gr,+30 2796 826822,2026-04-04,Ιατρός
30109708330,Πραξιτέλης,Κομκούδης,28,praxitelis.komkoydis@hospital.gr,+30 2308 090391,2025-03-21,Ιατρός
27089112158,Λάσκαρης,Ρέντας,34,laskaris_rentas@hospital.gr,2160 014166,2024-05-10,Ιατρός
27028634014,Παυλίνα,Τσάτη,40,paylina_tsati@hospital.gr,2675078820,2025-10-14,Ιατρός
22046863505,Πολύβια,Σπανίδου,58,polyvia_spanidoy@hospital.gr,+302717649138,2026-02-24,Ιατρός
13076963118,Ναυσικά,Μηλιάδου,56,naysika_miliadoy@hospital.gr,2407080879,2024-04-30,Ιατρός
03049115587,Ευγένιος,Καραμάνος,35,eygenios.karamanos@hospital.gr,6981 424 148,2024-06-08,Ιατρός
15066445561,Πλούταρχος,Κατσίπης,61,pkatsipis@hospital.gr,210 889 4329,2026-07-27,Ιατρός
04049765143,Περικλής,Χουδαλάκης,29,pchoydalakis@hospital.gr,+306958078232,2025-03-16,Ιατρός
02038186264,Σωτήριος,Μιχαηλίδης,45,sotirios.michailidis@hospital.gr,2006039773,2025-12-26,Ιατρός
02078022955,Κλεόπας,Αγγελίδης,45,kleopas.aggelidis@hospital.gr,6910 550021,2025-06-25,Ιατρός
19117034799,Φανούριος,Αλαφάκης,55,falafakis@hospital.gr,+30 2743 586864,2025-11-09,Ιατρός
03126963930,Χρυσοβαλάντιος,Λουλάκης,56,cloylakis@hospital.gr,6938 146 450,2026-05-16,Ιατρός
01129618953,Δημήτρης,Καψάλης,29,dkapsalis@hospital.gr,2950485461,2026-05-09,Ιατρός
02049297106,Αντίγονος,Τσατσάνης,34,antigonos_tsatsanis@hospital.gr,2980 215998,2024-11-26,Ιατρός
23059304171,Πηγή,Αλεξανδρίδου,32,pigi_alexandridoy@hospital.gr,(+30) 2464 011609,2025-09-28,Ιατρός
28058685920,Θεώνη,Αρσενάκη,39,theoni.arsenaki@hospital.gr,210 0176981,2025-10-15,Ιατρός
05017393553,Γαρυφαλλιά,Κοντογεωργάκη,53,gkontogeorgaki@hospital.gr,2104748102,2026-02-16,Ιατρός
20078593378,Χριστιάνα,Σαββάκη,40,christiana_savvaki@hospital.gr,6949 516860,2024-06-09,Ιατρός
25059138149,Ανάργυρη,Γραμμένου,34,anargyri.grammenoy@hospital.gr,2600094800,2025-04-19,Ιατρός
31128168449,Σάρρα,Κουφάκη,44,sarra.koyfaki@hospital.gr,210 242 8564,2024-10-03,Ιατρός
26119233090,Δημήτριος,Πασσαλίδης,33,dimitrios.passalidis@hospital.gr,+306955612041,2026-08-06,Ιατρός
18046450046,Αγαθή,Κετεσίδου,62,aketesidoy@hospital.gr,+30 2795 689755,2024-01-27,Ιατρός
25108359031,Κρυσταλλένια,Κιορίδου,42,kkioridoy@hospital.gr,2105564779,2026-06-16,Ιατρός
23018017465,Στέφανος,Πιπερίγκος,46,stefanos.piperigkos@hospital.gr,+30 6954 664980,2024-04-06,Ιατρός
21036855841,Βενιζέλος,Σαμακίδης,58,venizelos.samakidis@hospital.gr,+30 2306 157996,2024-03-10,Ιατρός
20018969312,Πολύδωρος,Σπορδιλής,37,polydoros.spordilis@hospital.gr,6978 816721,2024-05-24,Ιατρός
25108939007,Αγαθή,Αγραφιώτη,36,aagrafioti@hospital.gr,6921 783 611,2026-11-02,Ιατρός
13106968050,Ευδοξία,Κυριαννάκη,56,eydoxia.kyriannaki@hospital.gr,(+30) 2435 483555,2024-05-20,Ιατρός
15068993499,Ελευθέριος,Σπανουδάκης,36,eleytherios_spanoydakis@hospital.gr,6942 699 577,2024-03-03,Ιατρός
23099549068,Δρόσος,Κουμιώτης,30,dkoymiotis@hospital.gr,2800 647256,2024-02-19,Ιατρός
06056298788,Αχιλλεία,Καραμανλή,64,akaramanli@hospital.gr,2150 926423,2024-06-05,Ιατρός
31077414694,Ελένη,Κώτσου,51,ekotsoy@hospital.gr,2255093552,2024-09-24,Ιατρός
18067010293,Στεφανία,Ζεγλίνα,55,stefania_zeglina@hospital.gr,22740 59 495,2026-10-17,Ιατρός
02077108433,Φανούριος,Κατσαμάνης,54,fanoyrios.katsamanis@hospital.gr,(+30) 6986 515462,2026-02-03,Ιατρός
10097761798,Μαριγώ,Καρυδά,48,marigo.karyda@hospital.gr,6998 692721,2026-03-28,Ιατρός
03067202384,Ξανθή,Μοσχοβάκη,53,xanthi_moschovaki@hospital.gr,6990423688,2025-01-19,Ιατρός
05118656775,Οδυσσεύς,Πετρογιάννης,39,odysseys_petrogiannis@hospital.gr,20460 79 581,2026-11-16,Ιατρός
15087602276,Σοφία,Καραθανάση,49,skarathanasi@hospital.gr,2500 452147,2025-03-24,Ιατρός
27057330784,Απολλωνία,Ξενίδη,52,axenidi@hospital.gr,2108520701,2024-06-30,Ιατρός
13087594481,Καλυψώ,Κυριακοπούλου,50,kalypso_kyriakopoyloy@hospital.gr,2490485756,2024-02-10,Ιατρός
22066909048,Ξανθός,Νανούρης,56,xanthos.nanoyris@hospital.gr,6944866979,2024-09-09,Ιατρός
28088884090,Ιππολύτη,Μπαφίτη,37,ippolyti.mpafiti@hospital.gr,2860 327700,2025-11-10,Ιατρός
09058303960,Διαμαντούλα,Σμιτ,43,dsmit@hospital.gr,(+30) 6944 674966,2026-05-22,Ιατρός
06028417733,Ήβη,Σαλέμη,42,isalemi@hospital.gr,2105855028,2026-12-04,Ιατρός
11019480682,Ίρις,Ταυλαρίδου,32,itaylaridoy@hospital.gr,+302860839098,2024-03-01,Ιατρός
16129514595,Αιμιλία,Καλαμάρα,30,aimilia.kalamara@hospital.gr,(+30) 2549 969490,2025-06-20,Ιατρός
24116199023,Γαλήνη,Συμεωνίδου,64,gsymeonidoy@hospital.gr,(+30) 6909 655797,2025-06-25,Ιατρός
26076648963,Ευθυμία,Λιολιοπούλου,59,elioliopoyloy@hospital.gr,23070 04 999,2024-12-09,Ιατρός
07077598311,Βλαδίμηρος,Κουτελιέρης,50,vkoytelieris@hospital.gr,+30 2082 209540,2026-03-06,Ιατρός
12057155300,Βαλέριος,Διακάκης,55,valerios_diakakis@hospital.gr,6929520028,2024-06-14,Ιατρός
07127401967,Σπυρίδων,Κόλκας,51,spyridon.kolkas@hospital.gr,2101577057,2026-01-24,Ιατρός
19109063851,Σώζων,Βακαλής,35,sozon.vakalis@hospital.gr,(+30) 2599 887928,2025-07-13,Ιατρός
17059777666,Ακρίτας,Ξηρός,29,akritas.xiros@hospital.gr,+30 2395 599014,2026-12-24,Ιατρός
25098689646,Σοφία,Γκάγκα,39,sofia.gkagka@hospital.gr,210 0186735,2024-12-29,Ιατρός
04097289185,Αιμίλιος,Βακαλάκης,53,avakalakis@hospital.gr,210 9684796,2025-11-24,Ιατρός
28068899789,Αμβροσία,Κανελλή,37,akanelli@hospital.gr,+30 6933 190553,2026-01-15,Ιατρός
19049805360,Νίκη,Δαρσακλή,28,niki.darsakli@hospital.gr,6913 789 418,2026-05-30,Ιατρός
31056169071,Λεώνη,Χωριανοπούλου,64,leoni.chorianopoyloy@hospital.gr,2980 294494,2026-11-09,Ιατρός
01048115081,Ισίδωρος,Καρούσος,45,isidoros_karoysos@hospital.gr,+306909991747,2024-01-07,Ιατρός
31127128715,Καλλιρόη,Παπανδρέου,54,kalliroi_papandreoy@hospital.gr,(+30) 6971 822682,2026-10-07,Ιατρός
25078560613,Σαμουήλ,Κουρσουμίδης,40,samoyil_koyrsoymidis@hospital.gr,210 261 3904,2025-07-24,Ιατρός
30076480256,Σουλτάνα,Μπρούζου,61,soyltana_mproyzoy@hospital.gr,+302077548697,2024-05-30,Ιατρός
14117875826,Ευγένιος,Γιαννόπουλος,47,eygenios_giannopoylos@hospital.gr,2790520027,2024-07-28,Ιατρός
31087386956,Πολυτίμη,Καζαντζή,52,polytimi.kazantzi@hospital.gr,+306988834498,2025-04-17,Ιατρός
18038419704,Ισμήνη,Δημτσούδη,42,idimtsoydi@hospital.gr,6914570812,2024-11-10,Ιατρός
06067270098,Μαρία,Ραδιοπούλου,53,maria_radiopoyloy@hospital.gr,2930 791 758,2025-05-26,Ιατρός
17098211492,Γιώργος,Κατσογιάννης,43,giorgos_katsogiannis@hospital.gr,2090992310,2025-06-18,Ιατρός
15128940931,Μυρτώ,Βαρσάμου,36,myrto.varsamoy@hospital.gr,6911 136 894,2025-08-07,Ιατρός
31076118476,Γκίκας,Ρήγας,64,gkikas.rigas@hospital.gr,(+30) 6900 637892,2026-10-30,Νοσηλευτής
15066496881,Βαρδής,Μοσχόπουλος,61,vardis.moschopoylos@hospital.gr,2390 065 722,2024-09-22,Νοσηλευτής
19109043504,Νεφέλη,Χατζηφώτη,35,nefeli_chatzifoti@hospital.gr,2109172350,2026-05-17,Νοσηλευτής
18039105982,Ιερόθεος,Καμπάκας,35,ierotheos_kampakas@hospital.gr,+302208900138,2024-05-25,Νοσηλευτής
13059468434,Λαέρτης,Ροϊδούλης,32,laertis_roidoylis@hospital.gr,+306922016132,2025-04-13,Νοσηλευτής
26039581346,Σταματίνα,Χανταμπή,31,stamatina_chantampi@hospital.gr,(+30) 2900 658656,2025-10-05,Νοσηλευτής
05119034270,Ζαχαρένια,Παπαθεοδοσίου,35,zacharenia_papatheodosioy@hospital.gr,210 4393260,2025-10-27,Νοσηλευτής
11086204373,Φανή,Βαφειάδου,63,fvafeiadoy@hospital.gr,(+30) 6914 438878,2025-02-03,Νοσηλευτής
30117815887,Παντελεήμων,Γιωτάκης,47,pgiotakis@hospital.gr,2930 963 833,2025-10-17,Νοσηλευτής
18128340575,Θεοφάνης,Κυριακάκης,42,theofanis_kyriakakis@hospital.gr,(+30) 6971 686777,2025-12-22,Νοσηλευτής
02048031608,Λαοκράτης,Χριστάρας,46,laokratis.christaras@hospital.gr,2830 546053,2026-04-10,Νοσηλευτής
17019076124,Βιολέτα,Ιωσηφίδου,36,viosifidoy@hospital.gr,2144013244,2026-05-16,Νοσηλευτής
08107361931,Όλγα,Μακρή,52,omakri@hospital.gr,6924 842655,2025-05-25,Νοσηλευτής
15088506830,Πολυκράτης,Μπούσιος,40,pmpoysios@hospital.gr,(+30) 2760 292480,2026-10-15,Νοσηλευτής
27078632318,Ευκλείδης,Σκρίμπας,39,eykleidis_skrimpas@hospital.gr,2140 786527,2024-09-23,Νοσηλευτής
21048057415,Βέρα,Κοκκινίδου,46,vkokkinidoy@hospital.gr,2150335939,2025-03-14,Νοσηλευτής
27057193151,Πολυκράτης,Μαγκούφης,54,polykratis_magkoyfis@hospital.gr,(+30) 6945 641940,2024-03-18,Νοσηλευτής
30058019899,Ευμένιος,Κωστίδης,45,ekostidis@hospital.gr,6931 245 507,2026-05-22,Νοσηλευτής
13077083422,Λέων,Χριστοδουλάκης,55,leon.christodoylakis@hospital.gr,6988 072 210,2026-11-15,Νοσηλευτής
20126534261,Βενιαμίν,Τσιάρας,60,veniamin.tsiaras@hospital.gr,2300 196 087,2026-09-05,Νοσηλευτής
26109984655,Λεωνίδας,Τσεντούρος,26,leonidas_tsentoyros@hospital.gr,+302109753054,2024-06-03,Νοσηλευτής
11076194246,Παρασκευάς,Κωτούλας,64,pkotoylas@hospital.gr,6923 184020,2024-09-15,Νοσηλευτής
21019870610,Λεωνίδας,Δουμάς,28,ldoymas@hospital.gr,24230 28 750,2024-12-08,Νοσηλευτής
23098922056,Μεθόδιος,Συργής,36,methodios.syrgis@hospital.gr,6985 971179,2025-06-15,Νοσηλευτής
05118761571,Σαμουήλ,Πουλιέζος,38,samoyil_poyliezos@hospital.gr,2609053643,2025-09-25,Νοσηλευτής
14078113908,Βαλέριος,Αθανασόπουλος,44,valerios_athanasopoylos@hospital.gr,2390234157,2024-07-13,Νοσηλευτής
30059828244,Σωζούσα,Φωτιάδου,27,sfotiadoy@hospital.gr,210 956 4755,2024-08-08,Νοσηλευτής
09078487422,Σοφία,Γρίβα,41,sgriva@hospital.gr,2540 681163,2026-01-14,Νοσηλευτής
15119510000,Ευθαλία,Δαγλή,30,eythalia_dagli@hospital.gr,2530 028 233,2025-02-22,Νοσηλευτής
23127914019,Τριανταφυλλιά,Λιόντη,46,tlionti@hospital.gr,6903 033072,2026-11-15,Νοσηλευτής
16079061012,Κρυστάλλης,Μπακλάβας,35,kmpaklavas@hospital.gr,+302149240249,2025-12-03,Νοσηλευτής
13100035673,Λήδα,Γκούνη,25,lgkoyni@hospital.gr,2440 026 193,2026-10-05,Νοσηλευτής
31038701390,Χριστοδούλα,Κιορίδου,39,ckioridoy@hospital.gr,6959 938 830,2025-10-21,Νοσηλευτής
11066436710,Πέτρος,Χριστοδουλάκης,61,pchristodoylakis@hospital.gr,23050 70 133,2025-06-26,Νοσηλευτής
30128559854,Βησσαρίων,Ρουσιανός,40,vroysianos@hospital.gr,2690505184,2025-04-10,Νοσηλευτής
31039466896,Πάτροκλος,Βουτσελας,32,pvoytselas@hospital.gr,(+30) 6953 266856,2024-05-16,Νοσηλευτής
01046741139,Αναγνώστης,Ασαρίδης,59,aasaridis@hospital.gr,2070180464,2025-03-12,Νοσηλευτής
16067883964,Σωτήρης,Τσαγλιώτης,47,sotiris.tsagliotis@hospital.gr,6953 522199,2024-02-25,Νοσηλευτής
16049716177,Χρυσαυγή,Συμεωνίδου,29,chrysaygi_symeonidoy@hospital.gr,210 275 9106,2025-02-01,Νοσηλευτής
21059171364,Πολυτίμη,Πετροσιάν,34,polytimi.petrosian@hospital.gr,+30 2670 762697,2024-11-17,Νοσηλευτής
21059745722,Μυρσίνη,Μαλίμη,28,myrsini.malimi@hospital.gr,(+30) 2180 546302,2025-07-17,Νοσηλευτής
08117067751,Καλλιρόη,Θασίτου,55,kalliroi.thasitoy@hospital.gr,(+30) 6958 519665,2026-12-12,Νοσηλευτής
06068844833,Κανέλλα,Σκασίλα,37,kskasila@hospital.gr,6995 556 799,2025-05-22,Νοσηλευτής
13129274742,Έξαρχος,Πατσούρας,33,exarchos.patsoyras@hospital.gr,2170 520594,2024-11-29,Νοσηλευτής
14099220532,Μιχαέλα,Αρχάκη,33,marchaki@hospital.gr,+30 6940 670060,2026-11-27,Νοσηλευτής
26089867334,Ηράκλεια,Φιδάνη,27,irakleia_fidani@hospital.gr,2103792046,2024-09-15,Νοσηλευτής
13077073021,Αντίπατρος,Αμπλιάνιτης,55,aamplianitis@hospital.gr,2100021941,2026-10-14,Νοσηλευτής
30039993909,Αχιλλέας,Παντζαρτζίδης,27,achilleas_pantzartzidis@hospital.gr,2540 904 374,2025-11-28,Νοσηλευτής
10018532996,Παρασκευάς,Ζιώγος,41,paraskeyas_ziogos@hospital.gr,2107701154,2025-04-28,Νοσηλευτής
03128845112,Μαυρούδης,Μποτσώλης,37,mmpotsolis@hospital.gr,(+30) 2761 955437,2025-10-10,Νοσηλευτής
10066054452,Αποστολία,Κεφαλή,65,apostolia_kefali@hospital.gr,+306945033101,2026-06-23,Νοσηλευτής
30097527993,Ντανιέλα,Μασίκα,50,ntaniela.masika@hospital.gr,6975 234 851,2025-05-10,Νοσηλευτής
20127739286,Ευπραξία,Κεσκίνη,48,ekeskini@hospital.gr,6908 346398,2025-02-11,Νοσηλευτής
24109192383,Δανιήλ,Αλατζάκης,34,daniil.alatzakis@hospital.gr,2290027308,2024-03-18,Νοσηλευτής
17037970004,Ανατολή,Χαλβατζή,47,anatoli.chalvatzi@hospital.gr,210 3984472,2026-07-19,Νοσηλευτής
29068724550,Πλούταρχος,Σγουρός,38,ploytarchos.sgoyros@hospital.gr,+30 2489 726928,2026-09-22,Νοσηλευτής
22119480687,Λυκούργος,Κουτσούρας,31,lykoyrgos_koytsoyras@hospital.gr,2372051072,2026-03-25,Νοσηλευτής
12069231084,Μαριγώ,Πετράκη,33,mpetraki@hospital.gr,+306966371858,2025-12-23,Νοσηλευτής
04038417249,Ροδιά,Γαλανάκη,42,rgalanaki@hospital.gr,2590 026 839,2024-08-26,Νοσηλευτής
16016380461,Πάρις,Μόναχας,63,paris.monachas@hospital.gr,+30 6943 597589,2026-12-09,Νοσηλευτής
01016353360,Καλλίνικη,Γρηγοριάδου,63,kalliniki_grigoriadoy@hospital.gr,2490 717 162,2024-01-17,Νοσηλευτής
15107495752,Μαυρούδης,Καμπάκας,51,mayroydis.kampakas@hospital.gr,+306968285923,2024-09-06,Νοσηλευτής
04108491204,Κλέαρχος,Κιοσές,41,kkioses@hospital.gr,210 7832219,2024-10-26,Νοσηλευτής
15117326267,Αντιγόνη,Βυζιηνού,52,antigoni_vyziinoy@hospital.gr,210 9498349,2025-07-20,Νοσηλευτής
11107461794,Πούλια,Λουμπούτσκου,51,ploympoytskoy@hospital.gr,+30 6977 733184,2024-12-26,Νοσηλευτής
20087701735,Λεμονής,Κατεβάτης,48,lemonis_katevatis@hospital.gr,2990 926 816,2026-01-04,Νοσηλευτής
07116279027,Στέφανος,Κολχούρης,63,skolchoyris@hospital.gr,27850 75 429,2024-01-02,Νοσηλευτής
14048580529,Θρασύβουλος,Μαρακάς,41,tmarakas@hospital.gr,(+30) 2725 317952,2024-07-20,Νοσηλευτής
09046699344,Ζαφείριος,Καραγρηγορίου,60,zafeirios.karagrigorioy@hospital.gr,+302354384137,2026-12-18,Νοσηλευτής
15086072947,Κλεομένης,Λουράντος,65,kleomenis_loyrantos@hospital.gr,2212073290,2025-01-21,Νοσηλευτής
25129020960,Νομική,Σαμπάνη,35,nomiki_sampani@hospital.gr,6953446407,2026-01-18,Νοσηλευτής
16019343953,Δήμος,Αμπατζιάνης,33,dimos.ampatzianis@hospital.gr,2230821342,2026-05-22,Νοσηλευτής
24067746429,Πύρρος,Ασημόπουλος,48,pasimopoylos@hospital.gr,2860 052173,2026-02-17,Νοσηλευτής
29047849914,Ξένη,Καλογιαννάκη,48,xeni.kalogiannaki@hospital.gr,2370 815 703,2025-02-16,Νοσηλευτής
18090094593,Κοραλία,Κολτσάκη,25,koralia_koltsaki@hospital.gr,+306972795952,2024-06-01,Νοσηλευτής
09019562411,Δράκων,Μηλιώρης,31,drakon.milioris@hospital.gr,+30 2480 930021,2024-07-09,Νοσηλευτής
10078602364,Τριαντάφυλλη,Αγγελάκη,39,taggelaki@hospital.gr,+306998431006,2025-11-24,Νοσηλευτής
12029214112,Ιάκωβος,Ζιώγος,34,iziogos@hospital.gr,2600 347292,2025-11-16,Νοσηλευτής
24108863678,Μελέτιος,Μαυρομανωλάκης,37,meletios.mayromanolakis@hospital.gr,+30 6984 840609,2026-05-28,Νοσηλευτής
11110090113,Σταμάτιος,Χουχουλής,25,stamatios.choychoylis@hospital.gr,23420 32 079,2024-09-01,Νοσηλευτής
28048293049,Ευτέρπη,Παυλή,44,eyterpi.payli@hospital.gr,2380251568,2024-07-09,Νοσηλευτής
24056638400,Φαίδων,Κουμιώτης,59,faidon.koymiotis@hospital.gr,+30 6909 216331,2025-07-14,Νοσηλευτής
30118698533,Ιερόθεος,Αθανασάκης,39,ierotheos_athanasakis@hospital.gr,210 510 6240,2024-05-13,Νοσηλευτής
18086649381,Ήλια,Μανιτάρου,59,imanitaroy@hospital.gr,2740 444063,2026-09-01,Νοσηλευτής
19109686969,Μηνάς,Πετράκης,29,minas_petrakis@hospital.gr,2284006689,2024-02-01,Νοσηλευτής
12017727071,Αναγνώστης,Σδραλλής,49,anagnostis_sdrallis@hospital.gr,+30 6990 230483,2024-09-27,Νοσηλευτής
10040145160,Φλοριάντ,Χριστόπουλος,25,floriant.christopoylos@hospital.gr,210 5519930,2024-01-06,Νοσηλευτής
06099678104,Ρουμπίνη,Δανδανίδου,29,roympini.dandanidoy@hospital.gr,210 879 9175,2026-04-12,Νοσηλευτής
19089318457,Μερόπη,Μεξή,32,meropi.mexi@hospital.gr,+30 6957 158094,2025-01-06,Νοσηλευτής
16066288202,Δαβιδούλα,Μοσχοβάκη,63,dmoschovaki@hospital.gr,2919097736,2026-09-23,Νοσηλευτής
23066663412,Διογένης,Τσιάκος,59,diogenis.tsiakos@hospital.gr,2560 461246,2026-07-26,Νοσηλευτής
19106310004,Λυγερή,Τρίκα,62,lygeri.trika@hospital.gr,2390025196,2024-03-14,Νοσηλευτής
25116313213,Δέσποινα,Καρβέλη,62,dkarveli@hospital.gr,+30 2366 018658,2025-07-11,Νοσηλευτής
04098950065,Ιφιγένεια,Βασιλείου,36,ifigeneia.vasileioy@hospital.gr,+30 6973 408290,2024-12-28,Νοσηλευτής
24088935039,Σόλων,Χαρισιάδης,36,solon_charisiadis@hospital.gr,2625049961,2024-12-28,Νοσηλευτής
30107682035,Αταλάντη,Ζώη,49,atalanti.zoi@hospital.gr,(+30) 2085 105908,2025-08-14,Νοσηλευτής
22128600161,Κάρολος,Μπαντές,39,kmpantes@hospital.gr,+30 2770 264367,2026-03-09,Νοσηλευτής
24089701863,Σώζων,Μουτουσίδης,28,smoytoysidis@hospital.gr,+30 2389 319222,2025-08-27,Νοσηλευτής
23116204779,Αμαλία,Αβραμίδου,63,aavramidoy@hospital.gr,+30 6916 398471,2024-02-15,Νοσηλευτής
28109010519,Παταπία,Ξυγκάκου,35,patapia_xygkakoy@hospital.gr,+302145781938,2025-10-22,Νοσηλευτής
03086348216,Άγγελος,Ζευγίτης,62,azeygitis@hospital.gr,210 593 3513,2024-02-20,Νοσηλευτής
05067070038,Δωροθέα,Βλάσση,55,dvlassi@hospital.gr,6900796854,2026-07-07,Νοσηλευτής
25077967332,Χρυσοβαλάντου,Χατζηγεωργίου,46,chrysovalantoy.chatzigeorgioy@hospital.gr,2400 154860,2025-07-21,Νοσηλευτής
14119259652,Λεώνη,Μπούζα,33,leoni.mpoyza@hospital.gr,2332093468,2026-06-06,Νοσηλευτής
13128563885,Ασημάκης,Αφρουδάκης,40,asimakis_afroydakis@hospital.gr,2104455547,2026-11-06,Νοσηλευτής
10119405681,Αγλαΐα,Κουζουλά,31,aglaia.koyzoyla@hospital.gr,(+30) 6955 790477,2025-11-14,Νοσηλευτής
10117035815,Μαρωτέσα,Παπανδρικοπούλου,55,marotesa_papandrikopoyloy@hospital.gr,(+30) 2908 554708,2026-09-21,Νοσηλευτής
22017231261,Ασημής,Βαϊτσόπουλος,54,avaitsopoylos@hospital.gr,2820 124 430,2025-03-23,Νοσηλευτής
08126232536,Βαρσαμία,Χωριανοπούλου,63,varsamia_chorianopoyloy@hospital.gr,6967 630035,2025-06-20,Νοσηλευτής
20126727678,Φωτεινός,Δουβρόπουλος,58,fdoyvropoylos@hospital.gr,+30 6927 945901,2026-12-02,Νοσηλευτής
04057762832,Νεκταρία,Ιωακειμίδου,49,nioakeimidoy@hospital.gr,2390863163,2026-10-08,Νοσηλευτής
05109258558,Αλκιβιάδης,Χαρμπίλας,33,alkiviadis_charmpilas@hospital.gr,2480 661347,2025-10-03,Νοσηλευτής
01018799285,Μεθόδιος,Θεοχάρης,39,mtheocharis@hospital.gr,2620 029 119,2024-10-25,Νοσηλευτής
08058930587,Αυγέρης,Τσάρκος,37,aygeris_tsarkos@hospital.gr,210 8920847,2026-12-01,Νοσηλευτής
18046389102,Ζήνων,Γεωργαλής,63,zinon.georgalis@hospital.gr,2540 342 578,2024-02-25,Νοσηλευτής
27096518080,Βερόνικα,Κωτούλα,60,veronika.kotoyla@hospital.gr,26880 36 839,2024-10-08,Νοσηλευτής
19046880487,Νικήτας,Μόναχας,58,nikitas.monachas@hospital.gr,210 837 5674,2024-01-15,Νοσηλευτής
23059227024,Αθηνοδώρα,Βλαχοδήμου,33,athinodora.vlachodimoy@hospital.gr,2600 188420,2026-09-01,Νοσηλευτής
06047614649,Αγάθη,Υφαντή,50,ayfanti@hospital.gr,6935225582,2026-01-08,Νοσηλευτής
28028031112,Μιλτιάδης,Μπούσιος,46,miltiadis.mpoysios@hospital.gr,2190 090304,2025-04-15,Νοσηλευτής
25059841685,Πύρρος,Καρακάξης,27,pkarakaxis@hospital.gr,+30 6976 769408,2026-11-08,Νοσηλευτής
05019665938,Ρέα,Στούμπου,30,rea_stoympoy@hospital.gr,(+30) 6948 266437,2026-04-26,Νοσηλευτής
05076734352,Μαριάννα,Μαλίμη,58,mmalimi@hospital.gr,210 785 6630,2024-07-14,Νοσηλευτής
26100094211,Κυπριανή,Δουκίδου,25,kypriani.doykidoy@hospital.gr,6941 295865,2024-06-01,Νοσηλευτής
30069480731,Βαλέριος,Ανδριανός,31,vandrianos@hospital.gr,2450 851 812,2026-07-03,Νοσηλευτής
23116959070,Γεράσιμος,Κοττίκας,56,gkottikas@hospital.gr,2100636537,2025-07-09,Νοσηλευτής
19129777350,Καλλιρρόη,Τζαναβάρα,28,kallirroi.tzanavara@hospital.gr,2102099625,2024-01-12,Νοσηλευτής
30089715268,Κάρολος,Γκιολδελής,28,karolos.gkioldelis@hospital.gr,+302927576485,2025-05-12,Νοσηλευτής
27046753641,Πρόδρομος,Τρεντσίου,59,ptrentsioy@hospital.gr,+306958867006,2025-10-01,Νοσηλευτής
05088386643,Μάρθα,Κοτσινά,42,martha.kotsina@hospital.gr,2440 602106,2024-11-08,Νοσηλευτής
27059740869,Ζηναϊς,Πανταζή,28,zinais_pantazi@hospital.gr,6924 697912,2026-12-03,Νοσηλευτής
23018833514,Θεοφανία,Καλδή,38,theofania.kaldi@hospital.gr,2473005928,2026-01-14,Νοσηλευτής
12037359314,Θεοφίλη,Καραογλάνη,53,theofili.karaoglani@hospital.gr,2980075376,2024-11-18,Νοσηλευτής
29039992765,Υπαπαντή,Κασκαούτη,27,ypapanti_kaskaoyti@hospital.gr,(+30) 6969 155652,2025-11-10,Νοσηλευτής
09029521356,Αγγελής,Ζιώγος,31,aziogos@hospital.gr,(+30) 6931 666393,2025-11-01,Νοσηλευτής
05036745427,Νεφέλη,Χαντζή,59,nefeli_chantzi@hospital.gr,6991559450,2026-04-25,Νοσηλευτής
06010036468,Μυρτώ,Τσιπλίκωφ,26,myrto.tsiplikof@hospital.gr,2560383692,2026-10-26,Νοσηλευτής
01086179006,Τζανέτος,Γκατζογιάννης,64,tgkatzogiannis@hospital.gr,210 576 2486,2026-12-08,Νοσηλευτής
01059746426,Στέφανος,Αγγελόπουλος,29,saggelopoylos@hospital.gr,+30 6993 084095,2026-04-10,Νοσηλευτής
20036149369,Βαρδής,Παπαγιάννης,65,vardis.papagiannis@hospital.gr,+30 2665 164743,2024-08-15,Νοσηλευτής
02066476243,Μελένια,Δουκίδου,61,mdoykidoy@hospital.gr,+306999211072,2024-03-13,Νοσηλευτής
15018563508,Μαλαματένια,Ιωακειμίδου,41,mioakeimidoy@hospital.gr,27160 66 957,2026-11-22,Νοσηλευτής
06028311220,Ερωφίλη,Κακοτρίχη,43,erofili.kakotrichi@hospital.gr,6951 270293,2026-01-02,Νοσηλευτής
10047575259,Αδάμ,Αλεξόπουλος,51,aalexopoylos@hospital.gr,2120846437,2026-10-05,Νοσηλευτής
05029958451,Αρετή,Παπαθωμά,27,areti_papathoma@hospital.gr,210 2429787,2024-01-09,Νοσηλευτής
05018692904,Χρυσόστομος,Σιώρης,40,chrysostomos_sioris@hospital.gr,2200 505020,2024-01-27,Νοσηλευτής
26057814467,Χάιδω,Σαπρίκη,47,chaido_sapriki@hospital.gr,2373093962,2026-08-26,Νοσηλευτής
27017521250,Λαέρτης,Τερζίδης,51,laertis.terzidis@hospital.gr,6948103428,2026-02-09,Νοσηλευτής
12046562974,Κομνηνός,Βιολάτος,61,kviolatos@hospital.gr,+306950206295,2025-03-04,Νοσηλευτής
02060030426,Μελένια,Τσιούπρα,25,melenia.tsioypra@hospital.gr,6987 818088,2026-02-18,Νοσηλευτής
26038052001,Ιουλιανή,Λυρή,46,ilyri@hospital.gr,210 841 7474,2025-06-21,Νοσηλευτής
27068908645,Σπήλιος,Πάντος,36,spantos@hospital.gr,210 048 3928,2024-12-16,Νοσηλευτής
16049606025,Υάκινθος,Καραΐσκος,30,ykaraiskos@hospital.gr,+302670820614,2026-06-14,Νοσηλευτής
26027366001,Αδαμάντιος,Δουράνης,53,adamantios.doyranis@hospital.gr,+30 6945 434477,2026-01-16,Νοσηλευτής
07029554131,Τρύφων,Νασιόπουλος,31,tryfon_nasiopoylos@hospital.gr,+30 6901 780652,2025-11-04,Νοσηλευτής
25119412075,Χρυσούλα,Σιμητοπούλου,31,csimitopoyloy@hospital.gr,2220 672 988,2024-02-27,Νοσηλευτής
08070044736,Ακρίτας,Γκιολδελής,25,agkioldelis@hospital.gr,21180 72 356,2026-11-16,Νοσηλευτής
30038495478,Φερενίκη,Λουμπούτσκου,42,fereniki_loympoytskoy@hospital.gr,210 4401627,2024-04-10,Νοσηλευτής
01119787804,Κοσμάς,Ζηδιανάκης,28,kzidianakis@hospital.gr,2000244040,2026-03-16,Νοσηλευτής
03117820339,Βαρβάρα,Βοσινάκη,47,vvosinaki@hospital.gr,6989959852,2026-09-17,Νοσηλευτής
30079525039,Πελαγία,Φασουλίδου,30,pfasoylidoy@hospital.gr,(+30) 2946 402261,2026-01-08,Νοσηλευτής
29088759148,Σπήλιος,Πισχινάς,38,spilios.pischinas@hospital.gr,6921 089 121,2026-07-20,Νοσηλευτής
31056342606,Γενοβέφα,Ασσαργιωτάκη,62,genovefa.assargiotaki@hospital.gr,+306941038568,2024-03-05,Νοσηλευτής
12086271854,Ζηνοβία,Κατσαντώνη,63,zinovia.katsantoni@hospital.gr,6949 455924,2026-03-04,Νοσηλευτής
16059222404,Μακρίνα,Παππά,34,makrina.pappa@hospital.gr,24300 43 711,2025-11-21,Νοσηλευτής
15078193967,Ευδόξιος,Τυράλης,44,eydoxios.tyralis@hospital.gr,+30 2291 786880,2025-03-30,Νοσηλευτής
13088859415,Σωτήριος,Σπηλιώτης,37,sotirios.spiliotis@hospital.gr,210 412 4192,2024-06-04,Νοσηλευτής
30050072873,Νίκος,Μποζίκης,25,nikos.mpozikis@hospital.gr,+306920592794,2024-02-18,Νοσηλευτής
29106979805,Ροδάνθη,Καραντάνα,56,rkarantana@hospital.gr,(+30) 6975 982551,2024-11-25,Νοσηλευτής
09126344643,Σεβαστιανός,Ματσούκας,62,sevastianos.matsoykas@hospital.gr,6930541180,2024-08-29,Νοσηλευτής
21027177831,Κερασιά,Κατσούλα,55,kerasia.katsoyla@hospital.gr,+306981077395,2024-08-09,Νοσηλευτής
13079080143,Εμμανουήλ,Σπανδωνίδης,35,emmanoyil_spandonidis@hospital.gr,6948245998,2024-09-07,Νοσηλευτής
08066201038,Νεόφυτος,Λαουρδέκης,63,neofytos.laoyrdekis@hospital.gr,21450 59 437,2026-08-31,Νοσηλευτής
31106962635,Καλλιόπη,Καργάκου,56,kalliopi.kargakoy@hospital.gr,2220 818005,2024-03-22,Νοσηλευτής
27046639888,Λύσανδρος,Ασημόπουλος,60,lasimopoylos@hospital.gr,210 6897572,2025-08-15,Νοσηλευτής
23067780241,Φρύνη,Καραγιάννη,48,fkaragianni@hospital.gr,2350398680,2025-10-15,Νοσηλευτής
14067544474,Χρυσαυγή,Ταξίδου,50,chrysaygi.taxidoy@hospital.gr,23250 12 987,2024-09-10,Νοσηλευτής
03049483304,Κάρολος,Βορλόκας,32,karolos_vorlokas@hospital.gr,6990 633 247,2024-01-20,Νοσηλευτής
27036371488,Σπυρίδων,Τσεντούρος,63,spyridon.tsentoyros@hospital.gr,6955 737127,2026-07-13,Νοσηλευτής
26107012918,Ιφιγένεια,Κατσιμάλη,55,ifigeneia.katsimali@hospital.gr,6951270339,2024-02-19,Νοσηλευτής
02048053449,Κηρύκος,Μασόπουλος,46,kmasopoylos@hospital.gr,2120167209,2024-05-13,Νοσηλευτής
26017065899,Σωτηρία,Ζαρζάνη,56,szarzani@hospital.gr,+306903552159,2026-11-24,Νοσηλευτής
02046534568,Καλλίνικη,Καλδή,61,kalliniki.kaldi@hospital.gr,6973 962319,2024-03-29,Νοσηλευτής
26109779226,Ευτύχιος,Μπαλουκίδης,28,eytychios_mpaloykidis@hospital.gr,2368055895,2026-10-30,Νοσηλευτής
21037829406,Βαλάντω,Περουλάκη,48,valanto_peroylaki@hospital.gr,+302113708947,2024-01-17,Νοσηλευτής
17066089196,Αταλάντη,Βλαχοδήμου,65,avlachodimoy@hospital.gr,210 8276673,2024-03-15,Νοσηλευτής
14117333944,Αργυρούλα,Δουκίδου,52,argyroyla.doykidoy@hospital.gr,6904279381,2026-08-27,Νοσηλευτής
22129633534,Βασίλης,Γούσιος,29,vasilis.goysios@hospital.gr,2284057613,2025-12-21,Νοσηλευτής
12126334304,Θεόδωρος,Κυρίτσης,62,theodoros.kyritsis@hospital.gr,2005061671,2026-11-11,Νοσηλευτής
13086961070,Πούλια,Σαμτανίδου,56,psamtanidoy@hospital.gr,2240 259 203,2024-08-01,Νοσηλευτής
27029081490,Διαμαντούλα,Ανεζάκη,36,diamantoyla.anezaki@hospital.gr,2250888792,2025-09-02,Νοσηλευτής
26067992049,Φανουρία,Κουκουβά,46,fkoykoyva@hospital.gr,210 829 7902,2025-03-18,Νοσηλευτής
01019214971,Σιρανούς,Γεννηματάς,34,siranoys.gennimatas@hospital.gr,210 7334477,2024-08-13,Νοσηλευτής
06117490221,Φλώρα,Ζαφείρη,51,fzafeiri@hospital.gr,2147093301,2026-07-31,Νοσηλευτής
01117326244,Μαργαρίτα,Κυρίτση,52,margarita.kyritsi@hospital.gr,2920 209 180,2024-05-12,Νοσηλευτής
22057224885,Δούκισσα,Καχριμανίδη,53,doykissa_kachrimanidi@hospital.gr,22660 16 903,2026-05-03,Νοσηλευτής
03048995864,Θεώνη,Γκάβρου,37,tgkavroy@hospital.gr,+30 2429 030449,2024-08-02,Νοσηλευτής
09089264470,Θεόφραστος,Τσιρώνης,33,theofrastos_tsironis@hospital.gr,(+30) 6961 915863,2026-07-02,Νοσηλευτής
24017343758,Θέμης,Τερζίδης,53,themis_terzidis@hospital.gr,210 3918257,2024-01-16,Νοσηλευτής
11106298473,Ασημούλα,Ανανιάδου,63,aananiadoy@hospital.gr,2980873853,2025-04-30,Νοσηλευτής
02107622397,Ταξιάρχης,Βουτσάς,49,tvoytsas@hospital.gr,28970 06 863,2025-05-18,Νοσηλευτής
22117866739,Χρυσάνθη,Φιλιάγκου,47,chrysanthi.filiagkoy@hospital.gr,+30 2499 279490,2025-08-04,Νοσηλευτής
16086450108,Στέργιος,Φωτογλίδης,61,stergios.fotoglidis@hospital.gr,2260 704478,2025-03-24,Νοσηλευτής
24108900767,Συμεών,Δάρας,36,symeon_daras@hospital.gr,6904 349 825,2025-09-02,Νοσηλευτής
29109686417,Βικέντιος,Παπαφώτης,29,vikentios_papafotis@hospital.gr,+302801314615,2025-06-03,Νοσηλευτής
05127890994,Λουκιανός,Συρρής,47,lsyrris@hospital.gr,2109367706,2024-04-24,Νοσηλευτής
04027088201,Ασημίνα,Κώτσου,56,asimina.kotsoy@hospital.gr,2109998815,2026-09-09,Νοσηλευτής
21039215689,Σωτήρης,Δημητρίου,34,sotiris_dimitrioy@hospital.gr,+30 2714 101504,2026-11-05,Νοσηλευτής
03037926963,Ζηνοβία,Σγουρένα,47,zsgoyrena@hospital.gr,+302958986723,2026-03-08,Νοσηλευτής
01058014536,Αρίσταρχος,Τζιάβας,46,aristarchos_tziavas@hospital.gr,2040570535,2025-04-24,Νοσηλευτής
06086431193,Δικαία,Μακροπούλου,61,dikaia_makropoyloy@hospital.gr,+30 6956 731429,2024-12-29,Νοσηλευτής
03017531168,Σόλων,Δημητρόπουλος,51,sdimitropoylos@hospital.gr,210 486 7540,2025-12-16,Νοσηλευτής
29028813181,Εμμανουέλα,Συνοδινού,38,esynodinoy@hospital.gr,2490358991,2024-10-04,Νοσηλευτής
09119413416,Κονδυλία,Αναστασάκη,31,kondylia_anastasaki@hospital.gr,2670196706,2025-11-22,Νοσηλευτής
17056131879,Χριστιάν,Χιτός,65,christian.chitos@hospital.gr,+30 2468 375802,2026-03-16,Νοσηλευτής
11069443542,Ευγένιος,Ιωσηφίδης,31,eygenios.iosifidis@hospital.gr,+30 6936 262466,2024-02-18,Νοσηλευτής
28099851293,Πολυκράτης,Λεμονής,27,polykratis_lemonis@hospital.gr,6971 863340,2026-07-28,Νοσηλευτής
06057825654,Αμβρόσιος,Σπαθόπουλος,48,aspathopoylos@hospital.gr,6952 509 663,2024-12-15,Νοσηλευτής
11109402742,Ηλιάνα,Γρηγοριάδου,31,igrigoriadoy@hospital.gr,210 6746693,2025-01-18,Νοσηλευτής
17028848865,Ανδρόνικος,Μαντζουράνης,38,andronikos_mantzoyranis@hospital.gr,210 1186872,2026-12-24,Νοσηλευτής
16038151301,Πούλια,Μπίκα,45,pmpika@hospital.gr,6959 192849,2024-09-09,Νοσηλευτής
31059975972,Μιχαήλ,Καραΐσκος,26,mkaraiskos@hospital.gr,2172060227,2025-10-07,Νοσηλευτής
12119430692,Ασημούλα,Μηνά,31,asimoyla_mina@hospital.gr,210 1517248,2026-12-14,Νοσηλευτής
17086280299,Κωνσταντία,Βλαχοδήμου,63,konstantia.vlachodimoy@hospital.gr,2228093740,2024-11-16,Νοσηλευτής
22116220421,Μαρίνος,Δημητρόπουλος,63,marinos_dimitropoylos@hospital.gr,(+30) 6944 940686,2024-02-15,Νοσηλευτής
09127911828,Πραξιτέλης,Σκαρπέτας,46,praxitelis.skarpetas@hospital.gr,210 9647516,2024-09-16,Νοσηλευτής
08027239643,Κηρύκος,Ευκαρπίδης,54,kirykos.eykarpidis@hospital.gr,6929 223 720,2024-08-22,Νοσηλευτής
20120057109,Σελήνη,Τοπαλή,25,selini.topali@hospital.gr,2470 941 715,2025-02-06,Νοσηλευτής
02127612548,Ίρις,Βλαχοδήμου,49,iris.vlachodimoy@hospital.gr,210 166 4447,2026-04-23,Νοσηλευτής
17077991574,Φρύνη,Μαυρίδου,46,fryni.mayridoy@hospital.gr,6936160523,2026-11-25,Νοσηλευτής
15067700652,Όθων,Πουλημένος,48,othon_poylimenos@hospital.gr,(+30) 6952 271872,2025-10-01,Νοσηλευτής
06079476405,Ίκαρος,Καμπερίδης,31,ikamperidis@hospital.gr,2106655420,2026-09-11,Νοσηλευτής
11126055066,Μελένια,Μάρα,65,melenia.mara@hospital.gr,210 122 5238,2025-01-08,Νοσηλευτής
16089904750,Ευμένιος,Μαντζουράνης,26,eymenios_mantzoyranis@hospital.gr,210 8273540,2024-07-03,Νοσηλευτής
12106789983,Βαρσάμος,Κουρσάρης,58,varsamos.koyrsaris@hospital.gr,6957 833342,2024-08-14,Νοσηλευτής
09109908394,Ερμόλαος,Χρυσικός,26,echrysikos1@hospital.gr,+30 6999 089022,2025-07-19,Νοσηλευτής
08129616542,Βλάσιος,Κονδυλίδης,29,vlasios.kondylidis@hospital.gr,+302595411044,2024-07-21,Νοσηλευτής
29017122624,Ιουλία,Κασμιρλή,55,ikasmirli@hospital.gr,210 006 0800,2024-10-19,Νοσηλευτής
23107913462,Σαπφώ,Κιορίδου,46,sapfo.kioridoy@hospital.gr,24260 18 483,2024-09-25,Νοσηλευτής
26077906631,Φρειδερίκη,Κατσαντώνη,46,freideriki.katsantoni@hospital.gr,2180 668981,2025-02-16,Νοσηλευτής
08118493574,Βρασίδας,Μακρυκώστας,41,vmakrykostas@hospital.gr,+30 2933 707885,2024-05-11,Νοσηλευτής
29059459431,Χρυσοβαλάντω,Κορομπόκη,31,chrysovalanto_korompoki@hospital.gr,2570 957 193,2025-12-23,Νοσηλευτής
14046610707,Πολυνίκη,Πορφυριάδου,60,polyniki.porfyriadoy@hospital.gr,2000659797,2024-03-10,Νοσηλευτής
21098434179,Σώζων,Ακριτίδης,41,sozon.akritidis@hospital.gr,210 162 7108,2025-11-14,Νοσηλευτής
24079926715,Κομνηνή,Κουλοχέρη,26,komnini.koylocheri@hospital.gr,+30 2082 819850,2024-01-25,Νοσηλευτής
05088335722,Ευτύχιος,Μελιτσόπουλος,42,eytychios.melitsopoylos@hospital.gr,2010 605744,2024-04-24,Νοσηλευτής
15106199373,Πραξιτέλης,Δουκατζής,64,pdoykatzis@hospital.gr,2120207329,2024-07-06,Νοσηλευτής
31019131751,Αμφιθέα,Αλεξανδράκη,35,amfithea.alexandraki@hospital.gr,210 7135102,2024-09-09,Νοσηλευτής
18088196096,Νεόκλεια,Αναστασίου,44,nanastasioy@hospital.gr,(+30) 6990 344513,2026-10-05,Νοσηλευτής
06057292609,Δήμος,Δουλάμης,54,dimos_doylamis@hospital.gr,+30 2536 022835,2026-03-25,Νοσηλευτής
22068549109,Μερόπη,Τζιόβα,40,meropi_tziova@hospital.gr,2240 749863,2025-10-18,Διοικητικός
24019537327,Χρύσανθος,Ταμιωλάκης,31,chrysanthos_tamiolakis@hospital.gr,2102299440,2026-03-30,Διοικητικός
09037229373,Σωζούσα,Καρακωνσταντινού,54,sozoysa_karakonstantinoy@hospital.gr,+30 6974 713987,2024-09-02,Διοικητικός
14116970498,Αργυρούλα,Μιχελακάκη,56,argyroyla.michelakaki@hospital.gr,2220 791 338,2026-01-14,Διοικητικός
02057856361,Ευμορφία,Χαραλαμπίδου,48,eymorfia.charalampidoy@hospital.gr,210 051 4136,2024-12-10,Διοικητικός
01099739044,Χριστιάνα,Τσουράκη,28,ctsoyraki@hospital.gr,2104830087,2024-12-22,Διοικητικός
05026238460,Ανδρέας,Γιαννούκος,64,andreas_giannoykos@hospital.gr,210 014 6322,2024-08-08,Διοικητικός
03089265417,Πολύμνια,Φιλιάγκου,33,polymnia.filiagkoy@hospital.gr,6924 751 174,2024-10-16,Διοικητικός
24026365196,Στυλιανός,Δερμιτζάκης,63,stylianos.dermitzakis@hospital.gr,+30 6937 666092,2024-06-09,Διοικητικός
19036395052,Φώτιος,Φρογάκης,63,fotios_frogakis@hospital.gr,6973500341,2026-10-15,Διοικητικός
18076329356,Χριστόφιλη,Καραθανάση,62,ckarathanasi@hospital.gr,+30 6952 926883,2025-04-14,Διοικητικός
07010039098,Ασημούλα,Σπηλιάδου,26,asimoyla_spiliadoy@hospital.gr,6998999552,2024-09-23,Διοικητικός
23046979828,Ινώ,Παναγιώτου,57,ino.panagiotoy@hospital.gr,+302200118200,2025-05-29,Διοικητικός
13126695715,Θεόφιλος,Κολοβός,59,theofilos.kolovos@hospital.gr,2790 350 438,2025-01-30,Διοικητικός
02120095990,Όλγα,Πάνου,25,opanoy@hospital.gr,2790630445,2025-01-31,Διοικητικός
19078694844,Θεμιστοκλής,Κατσαμάνης,39,tkatsamanis@hospital.gr,2400 271967,2025-08-26,Διοικητικός
15026765760,Έκτορας,Αλεξόπουλος,59,ektoras.alexopoylos@hospital.gr,6939 935208,2026-11-02,Διοικητικός
20116193875,Λαυρέντιος,Μανουσέλης,64,lmanoyselis@hospital.gr,27780 32 446,2026-08-26,Διοικητικός
16089711199,Ματθαίος,Λεβέντης,28,matthaios.leventis@hospital.gr,+30 2133 469692,2025-05-31,Διοικητικός
27036319627,Παταπία,Κοτρώτσου,63,pkotrotsoy@hospital.gr,(+30) 6965 302187,2026-09-06,Διοικητικός
15078813564,Συμεώνη,Φιλιάγκου,37,sfiliagkoy@hospital.gr,2690 156225,2025-04-17,Διοικητικός
02058322911,Πυθαγόρας,Κυριακίδης,43,pkyriakidis@hospital.gr,2750 110 344,2026-07-22,Διοικητικός
31086146127,Ευγένιος,Σκαρλάτος,64,eygenios.skarlatos@hospital.gr,2456075310,2026-01-12,Διοικητικός
18069980928,Ιγνάτιος,Σταθάτος,26,ignatios.stathatos@hospital.gr,2170523613,2025-10-27,Διοικητικός
15097462184,Οδυσσέας,Δουμάς,51,odysseas.doymas@hospital.gr,(+30) 6964 440772,2026-12-07,Διοικητικός
27127441655,Κοκκώνα,Καζαντζή,51,kkazantzi@hospital.gr,6977 137 507,2026-11-10,Διοικητικός
12096045767,Κονδυλία,Βαμβουκάκη,65,kondylia_vamvoykaki@hospital.gr,2610 832 321,2024-11-28,Διοικητικός
29067492365,Πολύμνια,Ντόβα,51,polymnia_ntova@hospital.gr,2700046644,2024-07-02,Διοικητικός
15128289767,Κώστας,Τσιαντάς,43,kostas_tsiantas@hospital.gr,6906444368,2026-05-23,Διοικητικός
12017831663,Μεθόδιος,Πετρίδης,48,methodios.petridis@hospital.gr,2880 892 302,2025-12-11,Διοικητικός
24118100064,Δαμασκηνή,Στρατογιάννη,44,damaskini_stratogianni@hospital.gr,2670 172008,2025-06-04,Διοικητικός
09116401215,Αθηνοδώρα,Τσουκιά,61,athinodora.tsoykia@hospital.gr,2106720019,2026-10-29,Διοικητικός
28018712927,Γιασεμή,Μασιάλα,39,gmasiala@hospital.gr,6906 347 563,2026-12-04,Διοικητικός
17126815889,Παντελής,Φιλιππάτος,57,pantelis_filippatos@hospital.gr,2440 788 042,2024-08-06,Διοικητικός
23108566165,Βασίλειος,Τυράλης,40,vtyralis@hospital.gr,29370 13 930,2025-04-11,Διοικητικός
30038446143,Αρέθα,Φειζατίδου,42,aretha_feizatidoy@hospital.gr,(+30) 6912 076672,2025-08-04,Διοικητικός
25068715578,Διαμάντω,Τσάκη,38,dtsaki@hospital.gr,210 7535132,2025-01-18,Διοικητικός
18026483619,Ερρίκος,Σαραφίδης,62,errikos.sarafidis@hospital.gr,2280 376788,2024-05-31,Διοικητικός
30038275343,Μαρκέλλα,Τριανταφύλλου,44,markella_triantafylloy@hospital.gr,2600 409848,2025-12-09,Διοικητικός
05107951647,Φανούριος,Τσανδήλας,46,ftsandilas@hospital.gr,6977 525 115,2025-09-11,Διοικητικός
22057255499,Αθηνόδωρος,Μπλανάς,53,athinodoros_mplanas@hospital.gr,210 8507557,2026-05-31,Διοικητικός
31079178446,Ανθή,Χαλαντζούκα,34,achalantzoyka@hospital.gr,2220801741,2026-03-16,Διοικητικός
01077766007,Μαρίνος,Δακαναλής,48,marinos_dakanalis@hospital.gr,+30 2499 242751,2024-12-31,Διοικητικός
09067983298,Συμεώνη,Μιχελή,46,symeoni_micheli@hospital.gr,6981 063 195,2026-08-24,Διοικητικός
06076944552,Φωτεινός,Βλάχος,56,foteinos_vlachos@hospital.gr,+30 2131 135984,2025-01-27,Διοικητικός
02078885574,Λάζαρος,Χέλιος,37,lazaros_chelios@hospital.gr,6979 354838,2025-04-16,Διοικητικός
16038610700,Λήδα,Μαλίμη,40,lida_malimi@hospital.gr,2320024630,2025-03-24,Διοικητικός
13029194367,Φιλιώ,Παπαευαγγέλου,35,fpapaeyaggeloy@hospital.gr,210 6235515,2026-11-08,Διοικητικός
24029044439,Πέτρος,Κώττας,36,petros.kottas@hospital.gr,+30 6945 644679,2025-03-13,Διοικητικός
12059642917,Θεμιστόκλεια,Αντωνάκη,30,themistokleia_antonaki@hospital.gr,2290 624 580,2026-04-17,Διοικητικός
24028237708,Λάσκαρης,Πιτσολής,44,laskaris.pitsolis@hospital.gr,2610101776,2024-03-09,Διοικητικός
22018991557,Νομική,Κυρκούδη,37,nomiki.kyrkoydi@hospital.gr,+30 2386 749545,2026-06-22,Διοικητικός
15087997048,Σαλώμη,Σάουερ,46,salomi.saoyer@hospital.gr,+306967141090,2026-07-13,Διοικητικός
15066419340,Άριστος,Ζορμπάς,61,azormpas@hospital.gr,210 992 5584,2024-01-04,Διοικητικός
17060046345,Ασημούλα,Κοντογεωργάκη,25,asimoyla.kontogeorgaki@hospital.gr,+30 2511 017159,2024-02-23,Διοικητικός
28059567514,Θεανώ,Τσέτου,30,theano.tsetoy@hospital.gr,6914 869 035,2026-11-29,Διοικητικός
17068371314,Παντελής,Αγαλιώτης,42,pantelis_agaliotis@hospital.gr,2535086613,2025-11-11,Διοικητικός
14109194640,Βλάσιος,Καράμπας,34,vkarampas@hospital.gr,2100589341,2024-09-27,Διοικητικός
16077362163,Νεκταρία,Βλάσση,52,nektaria_vlassi@hospital.gr,2590 877 630,2024-12-30,Διοικητικός
23087652129,Φίλιππος,Μαυρικάκης,49,fmayrikakis@hospital.gr,(+30) 6927 010652,2024-04-07,Διοικητικός
03056212030,Πολύκαρπος,Δούνης,64,polykarpos_doynis@hospital.gr,2870 979680,2025-01-06,Διοικητικός
30059598934,Χλόη,Βουλγαρίδου,30,chloi_voylgaridoy@hospital.gr,210 608 3837,2025-09-24,Διοικητικός
25047807193,Αναγνώστης,Γκουτζαμάνης,48,anagnostis_gkoytzamanis@hospital.gr,+30 6955 242911,2024-02-01,Διοικητικός
07049776563,Χριστιάν,Κουρελής,29,ckoyrelis@hospital.gr,2101591362,2024-05-21,Διοικητικός
25047108185,Ελισάβετ,Σαπρίκη,55,esapriki@hospital.gr,2105093308,2025-07-25,Διοικητικός
05127849415,Κώστας,Κατσιγιάννης,47,kkatsigiannis@hospital.gr,2460 277 314,2025-01-28,Διοικητικός
27069498843,Αποστολία,Πίσπα,31,apispa@hospital.gr,(+30) 2074 979710,2025-03-09,Διοικητικός
22017250546,Σταμάτιος,Σιτόπουλος,54,stamatios.sitopoylos@hospital.gr,+306965355246,2025-07-04,Διοικητικός
28048253867,Αλκιβιάδης,Πασσαλίδης,44,alkiviadis_passalidis@hospital.gr,6995 375032,2026-05-26,Διοικητικός
01088554347,Μαριάνθη,Σαρρή,40,marianthi.sarri@hospital.gr,6932827348,2024-02-23,Διοικητικός
24128976469,Κασσάνδρα,Καρυδά,36,kassandra_karyda@hospital.gr,+30 6924 577903,2024-05-28,Διοικητικός
17038578183,Αρχιμήδης,Κυμπάρης,41,archimidis.kymparis@hospital.gr,210 057 1430,2024-05-02,Διοικητικός
22079485601,Κυδωνία,Γκαλίου,31,kydonia.gkalioy@hospital.gr,2762067670,2024-12-13,Διοικητικός
07126011914,Ναταλία,Δημητριάδου,65,natalia.dimitriadoy@hospital.gr,6935707419,2026-04-09,Διοικητικός
20018822884,Μιχαέλα,Ιωακειμίδου,38,michaela_ioakeimidoy@hospital.gr,6921 371109,2025-11-26,Διοικητικός
27038868673,Συμεώνη,Γκόνη,38,sgkoni@hospital.gr,(+30) 6918 057829,2024-01-14,Διοικητικός
20046686404,Θεόδουλος,Φουτσιτζής,60,theodoylos_foytsitzis@hospital.gr,(+30) 2188 296941,2025-08-20,Διοικητικός
29049650848,Νεκταρία,Χαλβατζή,30,nektaria.chalvatzi@hospital.gr,+302546942968,2024-09-19,Διοικητικός
20057853872,Παρέσσα,Νικολουδάκη,47,paressa.nikoloydaki@hospital.gr,6900 235 365,2026-09-12,Διοικητικός
15087050344,Ίων,Κονδυλίδης,55,ion_kondylidis@hospital.gr,2200121468,2026-03-31,Διοικητικός
03126551214,Διογένης,Τριβέλλας,60,dtrivellas@hospital.gr,210 8604897,2025-11-23,Διοικητικός
15089599298,Ελισσαίος,Σάτλας,30,elissaios_satlas@hospital.gr,6947055596,2025-03-01,Διοικητικός
14118084191,Ίων,Καναβός,45,ion.kanavos@hospital.gr,2100122033,2025-09-09,Διοικητικός
16066786461,Κλεάνθης,Βακαλάκης,58,kleanthis_vakalakis@hospital.gr,+30 6927 894719,2026-04-15,Διοικητικός
08117909654,Μελένια,Χριστογιάννη,46,mchristogianni@hospital.gr,2380327630,2024-11-11,Διοικητικός
26039888215,Αθηνόδωρος,Φερεντίνος,28,athinodoros.ferentinos@hospital.gr,(+30) 2469 710559,2025-12-09,Διοικητικός
14109654575,Βλάσιος,Καρακαστανιάς,29,vlasios_karakastanias@hospital.gr,2101394563,2026-01-08,Διοικητικός
04059387205,Ιγνάτιος,Νάστος,33,ignatios.nastos@hospital.gr,6948899709,2025-02-02,Διοικητικός
30129741195,Ευλαμπία,Αντωνάκη,28,eantonaki@hospital.gr,25970 65 085,2026-06-02,Διοικητικός
11017293008,Πραξιτέλης,Ντότης,54,pntotis@hospital.gr,6954 139 522,2025-07-12,Διοικητικός
31059719554,Παρθένα,Σπυριδάκη,28,pspyridaki@hospital.gr,+306961818460,2026-01-11,Διοικητικός
21118287193,Μενέλαος,Πιτσολής,43,menelaos.pitsolis@hospital.gr,6976257505,2025-02-17,Διοικητικός
03018397570,Ιοκάστη,Βαλκάνου,43,iokasti_valkanoy@hospital.gr,210 517 1171,2024-07-17,Διοικητικός
09028368537,Μεταξία,Μαρκαντωνάκη,43,metaxia_markantonaki@hospital.gr,6933599662,2025-01-28,Διοικητικός
04117489700,Θάλεια,Τοσούνη,51,thaleia.tosoyni@hospital.gr,210 4331028,2026-06-11,Διοικητικός
04047958814,Βελισσαρία,Χιωτίδου,47,vchiotidoy@hospital.gr,+306909140805,2026-09-05,Διοικητικός
13026249879,Συμεώνη,Ανανιάδου,64,symeoni.ananiadoy@hospital.gr,6977732488,2026-11-18,Διοικητικός
24048903716,Παντελεήμων,Μαγκούφης,37,panteleimon_magkoyfis@hospital.gr,2960461131,2026-06-30,Διοικητικός
12059647060,Βαλεντίνα,Γιανναρά,30,valentina_giannara@hospital.gr,6962 018 024,2024-09-23,Διοικητικός
05066544429,Φανή,Δρίβα,60,fdriva@hospital.gr,20370 70 093,2025-11-21,Διοικητικός
