IMAGE_URL,ΠΕΡΙΓΡΑΦΗ,ΤΥΠΟΣ_ΟΝΤΟΤΗΤΑΣ,ID_ΟΝΤΟΤΗΤΑΣ
https://www.hospital.gr/assets/images/doctors/doc10086060998.jpg,Επίσημη φωτογραφία προφίλ του ιατρού με ΑΜΚΑ 10086060998,Ιατρός,10086060998
https://www.hospital.gr/assets/images/doctors/doc24127184919.jpg,Επίσημη φωτογραφία προφίλ του ιατρού με ΑΜΚΑ 24127184919,Ιατρός,24127184919
https://www.hospital.gr/assets/images/doctors/doc20027156874.jpg,Επίσημη φωτογραφία προφίλ του ιατρού με ΑΜΚΑ 20027156874,Ιατρός,20027156874
https://www.hospital.gr/assets/images/doctors/doc08117665345.jpg,Επίσημη φωτογραφία προφίλ του ιατρού με ΑΜΚΑ 08117665345,Ιατρός,08117665345
https://www.hospital.gr/assets/images/doctors/doc02119001109.jpg,Επίσημη φωτογραφία προφίλ του ιατρού με ΑΜΚΑ 02119001109,Ιατρός,02119001109
https://www.hospital.gr/assets/images/doctors/doc04096470957.jpg,Επίσημη φωτογραφία προφίλ του ιατρού με ΑΜΚΑ 04096470957,Ιατρός,04096470957
https://www.hospital.gr/assets/images/doctors/doc17019408693.jpg,Επίσημη φωτογραφία προφίλ του ιατρού με ΑΜΚΑ 17019408693,Ιατρός,17019408693
https://www.hospital.gr/assets/images/doctors/doc13129208275.jpg,Επίσημη φωτογραφία προφίλ του ιατρού με ΑΜΚΑ 13129208275,Ιατρός,13129208275
https://www.hospital.gr/assets/images/doctors/doc15027849121.jpg,Επίσημη φωτογραφία προφίλ του ιατρού με ΑΜΚΑ 15027849121,Ιατρός,15027849121
https://www.hospital.gr/assets/images/doctors/doc08078996446.jpg,Επίσημη φωτογραφία προφίλ του ιατρού με ΑΜΚΑ 08078996446,Ιατρός,08078996446
https://www.hospital.gr/assets/images/doctors/doc14076889096.jpg,Επίσημη φωτογραφία προφίλ του ιατρού με ΑΜΚΑ 14076889096,Ιατρός,14076889096
https://www.hospital.gr/assets/images/doctors/doc07086512984.jpg,Επίσημη φωτογραφία προφίλ του ιατρού με ΑΜΚΑ 07086512984,Ιατρός,07086512984
https://www.hospital.gr/assets/images/doctors/doc11019339247.jpg,Επίσημη φωτογραφία προφίλ του ιατρού με ΑΜΚΑ 11019339247,Ιατρός,11019339247
https://www.hospital.gr/assets/images/doctors/doc17129595144.jpg,Επίσημη φωτογραφία προφίλ του ιατρού με ΑΜΚΑ 17129595144,Ιατρός,17129595144
https://www.hospital.gr/assets/images/doctors/doc30068836428.jpg,Επίσημη φωτογραφία προφίλ του ιατρού με ΑΜΚΑ 30068836428,Ιατρός,30068836428
https://www.hospital.gr/assets/images/doctors/doc27116381556.jpg,Επίσημη φωτογραφία προφίλ του ιατρού με ΑΜΚΑ 27116381556,Ιατρός,27116381556
https://www.hospital.gr/assets/images/doctors/doc04049877134.jpg,Επίσημη φωτογραφία προφίλ του ιατρού με ΑΜΚΑ 04049877134,Ιατρός,04049877134
https://www.hospital.gr/assets/images/doctors/doc31018504386.jpg,Επίσημη φωτογραφία προφίλ του ιατρού με ΑΜΚΑ 31018504386,Ιατρός,31018504386
https://www.hospital.gr/assets/images/doctors/doc29048747950.jpg,Επίσημη φωτογραφία προφίλ του ιατρού με ΑΜΚΑ 29048747950,Ιατρός,29048747950
https://www.hospital.gr/assets/images/doctors/doc03097463750.jpg,Επίσημη φωτογραφία προφίλ του ιατρού με ΑΜΚΑ 03097463750,Ιατρός,03097463750
https://www.hospital.gr/assets/images/doctors/doc31056269522.jpg,Επίσημη φωτογραφία προφίλ του ιατρού με ΑΜΚΑ 31056269522,Ιατρός,31056269522
https://www.hospital.gr/assets/images/doctors/doc07068540070.jpg,Επίσημη φωτογραφία προφίλ του ιατρού με ΑΜΚΑ 07068540070,Ιατρός,07068540070
https://www.hospital.gr/assets/images/doctors/doc18098586120.jpg,Επίσημη φωτογραφία προφίλ του ιατρού με ΑΜΚΑ 18098586120,Ιατρός,18098586120
https://www.hospital.gr/assets/images/doctors/doc11087036989.jpg,Επίσημη φωτογραφία προφίλ του ιατρού με ΑΜΚΑ 11087036989,Ιατρός,11087036989
https://www.hospital.gr/assets/images/doctors/doc08046234626.jpg,Επίσημη φωτογραφία προφίλ του ιατρού με ΑΜΚΑ 08046234626,Ιατρός,08046234626
https://www.hospital.gr/assets/images/doctors/doc13036214191.jpg,Επίσημη φωτογραφία προφίλ του ιατρού με ΑΜΚΑ 13036214191,Ιατρός,13036214191
https://www.hospital.gr/assets/images/doctors/doc06127921077.jpg,Επίσημη φωτογραφία προφίλ του ιατρού με ΑΜΚΑ 06127921077,Ιατρός,06127921077
https://www.hospital.gr/assets/images/doctors/doc01037803167.jpg,Επίσημη φωτογραφία προφίλ του ιατρού με ΑΜΚΑ 01037803167,Ιατρός,01037803167
https://www.hospital.gr/assets/images/doctors/doc11029101695.jpg,Επίσημη φωτογραφία προφίλ του ιατρού με ΑΜΚΑ 11029101695,Ιατρός,11029101695
https://www.hospital.gr/assets/images/doctors/doc14107187228.jpg,Επίσημη φωτογραφία προφίλ του ιατρού με ΑΜΚΑ 14107187228,Ιατρός,14107187228
https://www.hospital.gr/assets/images/doctors/doc26049275048.jpg,Επίσημη φωτογραφία προφίλ του ιατρού με ΑΜΚΑ 26049275048,Ιατρός,26049275048
https://www.hospital.gr/assets/images/doctors/doc07079445783.jpg,Επίσημη φωτογραφία προφίλ του ιατρού με ΑΜΚΑ 07079445783,Ιατρός,07079445783
https://www.hospital.gr/assets/images/doctors/doc21046521057.jpg,Επίσημη φωτογραφία προφίλ του ιατρού με ΑΜΚΑ 21046521057,Ιατρός,21046521057
https://www.hospital.gr/assets/images/doctors/doc05056159470.jpg,Επίσημη φωτογραφία προφίλ του ιατρού με ΑΜΚΑ 05056159470,Ιατρός,05056159470
https://www.hospital.gr/assets/images/doctors/doc20039428891.jpg,Επίσημη φωτογραφία προφίλ του ιατρού με ΑΜΚΑ 20039428891,Ιατρός,20039428891
https://www.hospital.gr/assets/images/doctors/doc27058235299.jpg,Επίσημη φωτογραφία προφίλ του ιατρού με ΑΜΚΑ 27058235299,Ιατρός,27058235299
https://www.hospital.gr/assets/images/doctors/doc09077793434.jpg,Επίσημη φωτογραφία προφίλ του ιατρού με ΑΜΚΑ 09077793434,Ιατρός,09077793434
https://www.hospital.gr/assets/images/doctors/doc03047764549.jpg,Επίσημη φωτογραφία προφίλ του ιατρού με ΑΜΚΑ 03047764549,Ιατρός,03047764549
https://www.hospital.gr/assets/images/doctors/doc25086572696.jpg,Επίσημη φωτογραφία προφίλ του ιατρού με ΑΜΚΑ 25086572696,Ιατρός,25086572696
https://www.hospital.gr/assets/images/doctors/doc25066070679.jpg,Επίσημη φωτογραφία προφίλ του ιατρού με ΑΜΚΑ 25066070679,Ιατρός,25066070679
https://www.hospital.gr/assets/images/doctors/doc21116234129.jpg,Επίσημη φωτογραφία προφίλ του ιατρού με ΑΜΚΑ 21116234129,Ιατρός,21116234129
https://www.hospital.gr/assets/images/doctors/doc26026494790.jpg,Επίσημη φωτογραφία προφίλ του ιατρού με ΑΜΚΑ 26026494790,Ιατρός,26026494790
https://www.hospital.gr/assets/images/doctors/doc05059061176.jpg,Επίσημη φωτογραφία προφίλ του ιατρού με ΑΜΚΑ 05059061176,Ιατρός,05059061176
https://www.hospital.gr/assets/images/doctors/doc20047493220.jpg,Επίσημη φωτογραφία προφίλ του ιατρού με ΑΜΚΑ 20047493220,Ιατρός,20047493220
https://www.hospital.gr/assets/images/doctors/doc07119294567.jpg,Επίσημη φωτογραφία προφίλ του ιατρού με ΑΜΚΑ 07119294567,Ιατρός,07119294567
https://www.hospital.gr/assets/images/doctors/doc06067883458.jpg,Επίσημη φωτογραφία προφίλ του ιατρού με ΑΜΚΑ 06067883458,Ιατρός,06067883458
https://www.hospital.gr/assets/images/doctors/doc10116142591.jpg,Επίσημη φωτογραφία προφίλ του ιατρού με ΑΜΚΑ 10116142591,Ιατρός,10116142591
https://www.hospital.gr/assets/images/doctors/doc07067536585.jpg,Επίσημη φωτογραφία προφίλ του ιατρού με ΑΜΚΑ 07067536585,Ιατρός,07067536585
https://www.hospital.gr/assets/images/doctors/doc08066384048.jpg,Επίσημη φωτογραφία προφίλ του ιατρού με ΑΜΚΑ 08066384048,Ιατρός,08066384048
https://www.hospital.gr/assets/images/doctors/doc07077275306.jpg,Επίσημη φωτογραφία προφίλ του ιατρού με ΑΜΚΑ 07077275306,Ιατρός,07077275306
https://www.hospital.gr/assets/images/doctors/doc25067470203.jpg,Επίσημη φωτογραφία προφίλ του ιατρού με ΑΜΚΑ 25067470203,Ιατρός,25067470203
https://www.hospital.gr/assets/images/doctors/doc07017336764.jpg,Επίσημη φωτογραφία προφίλ του ιατρού με ΑΜΚΑ 07017336764,Ιατρός,07017336764
https://www.hospital.gr/assets/images/doctors/doc26056031201.jpg,Επίσημη φωτογραφία προφίλ του ιατρού με ΑΜΚΑ 26056031201,Ιατρός,26056031201
https://www.hospital.gr/assets/images/doctors/doc04066241219.jpg,Επίσημη φωτογραφία προφίλ του ιατρού με ΑΜΚΑ 04066241219,Ιατρός,04066241219
https://www.hospital.gr/assets/images/doctors/doc28106015571.jpg,Επίσημη φωτογραφία προφίλ του ιατρού με ΑΜΚΑ 28106015571,Ιατρός,28106015571
https://www.hospital.gr/assets/images/doctors/doc21056659269.jpg,Επίσημη φωτογραφία προφίλ του ιατρού με ΑΜΚΑ 21056659269,Ιατρός,21056659269
https://www.hospital.gr/assets/images/doctors/doc16109211017.jpg,Επίσημη φωτογραφία προφίλ του ιατρού με ΑΜΚΑ 16109211017,Ιατρός,16109211017
https://www.hospital.gr/assets/images/doctors/doc12097182585.jpg,Επίσημη φωτογραφία προφίλ του ιατρού με ΑΜΚΑ 12097182585,Ιατρός,12097182585
https://www.hospital.gr/assets/images/doctors/doc21029390527.jpg,Επίσημη φωτογραφία προφίλ του ιατρού με ΑΜΚΑ 21029390527,Ιατρός,21029390527
https://www.hospital.gr/assets/images/doctors/doc31036764120.jpg,Επίσημη φωτογραφία προφίλ του ιατρού με ΑΜΚΑ 31036764120,Ιατρός,31036764120
https://www.hospital.gr/assets/images/doctors/doc01068388909.jpg,Επίσημη φωτογραφία προφίλ του ιατρού με ΑΜΚΑ 01068388909,Ιατρός,01068388909
https://www.hospital.gr/assets/images/doctors/doc31127162692.jpg,Επίσημη φωτογραφία προφίλ του ιατρού με ΑΜΚΑ 31127162692,Ιατρός,31127162692
https://www.hospital.gr/assets/images/doctors/doc30128750138.jpg,Επίσημη φωτογραφία προφίλ του ιατρού με ΑΜΚΑ 30128750138,Ιατρός,30128750138
https://www.hospital.gr/assets/images/doctors/doc10127855123.jpg,Επίσημη φωτογραφία προφίλ του ιατρού με ΑΜΚΑ 10127855123,Ιατρός,10127855123
https://www.hospital.gr/assets/images/doctors/doc27047450977.jpg,Επίσημη φωτογραφία προφίλ του ιατρού με ΑΜΚΑ 27047450977,Ιατρός,27047450977
https://www.hospital.gr/assets/images/doctors/doc21107026591.jpg,Επίσημη φωτογραφία προφίλ του ιατρού με ΑΜΚΑ 21107026591,Ιατρός,21107026591
https://www.hospital.gr/assets/images/doctors/doc17099112296.jpg,Επίσημη φωτογραφία προφίλ του ιατρού με ΑΜΚΑ 17099112296,Ιατρός,17099112296
https://www.hospital.gr/assets/images/doctors/doc16057668308.jpg,Επίσημη φωτογραφία προφίλ του ιατρού με ΑΜΚΑ 16057668308,Ιατρός,16057668308
https://www.hospital.gr/assets/images/doctors/doc13128886585.jpg,Επίσημη φωτογραφία προφίλ του ιατρού με ΑΜΚΑ 13128886585,Ιατρός,13128886585
https://www.hospital.gr/assets/images/doctors/doc07096320081.jpg,Επίσημη φωτογραφία προφίλ του ιατρού με ΑΜΚΑ 07096320081,Ιατρός,07096320081
https://www.hospital.gr/assets/images/doctors/doc06106702650.jpg,Επίσημη φωτογραφία προφίλ του ιατρού με ΑΜΚΑ 06106702650,Ιατρός,06106702650
https://www.hospital.gr/assets/images/doctors/doc06067101897.jpg,Επίσημη φωτογραφία προφίλ του ιατρού με ΑΜΚΑ 06067101897,Ιατρός,06067101897
https://www.hospital.gr/assets/images/doctors/doc22029134563.jpg,Επίσημη φωτογραφία προφίλ του ιατρού με ΑΜΚΑ 22029134563,Ιατρός,22029134563
https://www.hospital.gr/assets/images/doctors/doc24127417202.jpg,Επίσημη φωτογραφία προφίλ του ιατρού με ΑΜΚΑ 24127417202,Ιατρός,24127417202
https://www.hospital.gr/assets/images/doctors/doc24107206566.jpg,Επίσημη φωτογραφία προφίλ του ιατρού με ΑΜΚΑ 24107206566,Ιατρός,24107206566
https://www.hospital.gr/assets/images/doctors/doc01026474429.jpg,Επίσημη φωτογραφία προφίλ του ιατρού με ΑΜΚΑ 01026474429,Ιατρός,01026474429
https://www.hospital.gr/assets/images/doctors/doc16058088797.jpg,Επίσημη φωτογραφία προφίλ του ιατρού με ΑΜΚΑ 16058088797,Ιατρός,16058088797
https://www.hospital.gr/assets/images/doctors/doc06027984112.jpg,Επίσημη φωτογραφία προφίλ του ιατρού με ΑΜΚΑ 06027984112,Ιατρός,06027984112
https://www.hospital.gr/assets/images/doctors/doc20117228047.jpg,Επίσημη φωτογραφία προφίλ του ιατρού με ΑΜΚΑ 20117228047,Ιατρός,20117228047
https://www.hospital.gr/assets/images/doctors/doc10066642723.jpg,Επίσημη φωτογραφία προφίλ του ιατρού με ΑΜΚΑ 10066642723,Ιατρός,10066642723
https://www.hospital.gr/assets/images/doctors/doc06088858657.jpg,Επίσημη φωτογραφία προφίλ του ιατρού με ΑΜΚΑ 06088858657,Ιατρός,06088858657
https://www.hospital.gr/assets/images/doctors/doc11028804475.jpg,Επίσημη φωτογραφία προφίλ του ιατρού με ΑΜΚΑ 11028804475,Ιατρός,11028804475
https://www.hospital.gr/assets/images/doctors/doc08117716641.jpg,Επίσημη φωτογραφία προφίλ του ιατρού με ΑΜΚΑ 08117716641,Ιατρός,08117716641
https://www.hospital.gr/assets/images/doctors/doc14027204472.jpg,Επίσημη φωτογραφία προφίλ του ιατρού με ΑΜΚΑ 14027204472,Ιατρός,14027204472
https://www.hospital.gr/assets/images/doctors/doc22089289312.jpg,Επίσημη φωτογραφία προφίλ του ιατρού με ΑΜΚΑ 22089289312,Ιατρός,22089289312
https://www.hospital.gr/assets/images/doctors/doc18048136821.jpg,Επίσημη φωτογραφία προφίλ του ιατρού με ΑΜΚΑ 18048136821,Ιατρός,18048136821
https://www.hospital.gr/assets/images/doctors/doc13049344733.jpg,Επίσημη φωτογραφία προφίλ του ιατρού με ΑΜΚΑ 13049344733,Ιατρός,13049344733
https://www.hospital.gr/assets/images/doctors/doc17116460629.jpg,Επίσημη φωτογραφία προφίλ του ιατρού με ΑΜΚΑ 17116460629,Ιατρός,17116460629
https://www.hospital.gr/assets/images/doctors/doc15068957567.jpg,Επίσημη φωτογραφία προφίλ του ιατρού με ΑΜΚΑ 15068957567,Ιατρός,15068957567
https://www.hospital.gr/assets/images/doctors/doc13019511418.jpg,Επίσημη φωτογραφία προφίλ του ιατρού με ΑΜΚΑ 13019511418,Ιατρός,13019511418
https://www.hospital.gr/assets/images/doctors/doc30037959532.jpg,Επίσημη φωτογραφία προφίλ του ιατρού με ΑΜΚΑ 30037959532,Ιατρός,30037959532
https://www.hospital.gr/assets/images/doctors/doc29018364310.jpg,Επίσημη φωτογραφία προφίλ του ιατρού με ΑΜΚΑ 29018364310,Ιατρός,29018364310
https://www.hospital.gr/assets/images/doctors/doc13019416697.jpg,Επίσημη φωτογραφία προφίλ του ιατρού με ΑΜΚΑ 13019416697,Ιατρός,13019416697
https://www.hospital.gr/assets/images/doctors/doc10088406393.jpg,Επίσημη φωτογραφία προφίλ του ιατρού με ΑΜΚΑ 10088406393,Ιατρός,10088406393
https://www.hospital.gr/assets/images/doctors/doc02036522626.jpg,Επίσημη φωτογραφία προφίλ του ιατρού με ΑΜΚΑ 02036522626,Ιατρός,02036522626
https://www.hospital.gr/assets/images/doctors/doc19048935115.jpg,Επίσημη φωτογραφία προφίλ του ιατρού με ΑΜΚΑ 19048935115,Ιατρός,19048935115
https://www.hospital.gr/assets/images/doctors/doc10098802211.jpg,Επίσημη φωτογραφία προφίλ του ιατρού με ΑΜΚΑ 10098802211,Ιατρός,10098802211
https://www.hospital.gr/assets/images/doctors/doc17087168135.jpg,Επίσημη φωτογραφία προφίλ του ιατρού με ΑΜΚΑ 17087168135,Ιατρός,17087168135
https://www.hospital.gr/assets/images/doctors/doc30066643000.jpg,Επίσημη φωτογραφία προφίλ του ιατρού με ΑΜΚΑ 30066643000,Ιατρός,30066643000
https://www.hospital.gr/assets/images/doctors/doc22036277849.jpg,Επίσημη φωτογραφία προφίλ του ιατρού με ΑΜΚΑ 22036277849,Ιατρός,22036277849
https://www.hospital.gr/assets/images/doctors/doc21059604573.jpg,Επίσημη φωτογραφία προφίλ του ιατρού με ΑΜΚΑ 21059604573,Ιατρός,21059604573
https://www.hospital.gr/assets/images/doctors/doc19088103483.jpg,Επίσημη φωτογραφία προφίλ του ιατρού με ΑΜΚΑ 19088103483,Ιατρός,19088103483
https://www.hospital.gr/assets/images/doctors/doc16049105631.jpg,Επίσημη φωτογραφία προφίλ του ιατρού με ΑΜΚΑ 16049105631,Ιατρός,16049105631
https://www.hospital.gr/assets/images/doctors/doc03116493443.jpg,Επίσημη φωτογραφία προφίλ του ιατρού με ΑΜΚΑ 03116493443,Ιατρός,03116493443
https://www.hospital.gr/assets/images/doctors/doc18077668129.jpg,Επίσημη φωτογραφία προφίλ του ιατρού με ΑΜΚΑ 18077668129,Ιατρός,18077668129
https://www.hospital.gr/assets/images/doctors/doc04027352612.jpg,Επίσημη φωτογραφία προφίλ του ιατρού με ΑΜΚΑ 04027352612,Ιατρός,04027352612
https://www.hospital.gr/assets/images/doctors/doc09087465106.jpg,Επίσημη φωτογραφία προφίλ του ιατρού με ΑΜΚΑ 09087465106,Ιατρός,09087465106
https://www.hospital.gr/assets/images/doctors/doc22069080015.jpg,Επίσημη φωτογραφία προφίλ του ιατρού με ΑΜΚΑ 22069080015,Ιατρός,22069080015
https://www.hospital.gr/assets/images/doctors/doc26109596245.jpg,Επίσημη φωτογραφία προφίλ του ιατρού με ΑΜΚΑ 26109596245,Ιατρός,26109596245
https://www.hospital.gr/assets/images/doctors/doc06017832098.jpg,Επίσημη φωτογραφία προφίλ του ιατρού με ΑΜΚΑ 06017832098,Ιατρός,06017832098
https://www.hospital.gr/assets/images/doctors/doc25099582251.jpg,Επίσημη φωτογραφία προφίλ του ιατρού με ΑΜΚΑ 25099582251,Ιατρός,25099582251
https://www.hospital.gr/assets/images/doctors/doc18026491407.jpg,Επίσημη φωτογραφία προφίλ του ιατρού με ΑΜΚΑ 18026491407,Ιατρός,18026491407
https://www.hospital.gr/assets/images/doctors/doc25087114134.jpg,Επίσημη φωτογραφία προφίλ του ιατρού με ΑΜΚΑ 25087114134,Ιατρός,25087114134
https://www.hospital.gr/assets/images/doctors/doc02097580827.jpg,Επίσημη φωτογραφία προφίλ του ιατρού με ΑΜΚΑ 02097580827,Ιατρός,02097580827
https://www.hospital.gr/assets/images/doctors/doc20027211534.jpg,Επίσημη φωτογραφία προφίλ του ιατρού με ΑΜΚΑ 20027211534,Ιατρός,20027211534
https://www.hospital.gr/assets/images/doctors/doc20036906148.jpg,Επίσημη φωτογραφία προφίλ του ιατρού με ΑΜΚΑ 20036906148,Ιατρός,20036906148
https://www.hospital.gr/assets/images/doctors/doc10028991768.jpg,Επίσημη φωτογραφία προφίλ του ιατρού με ΑΜΚΑ 10028991768,Ιατρός,10028991768
https://www.hospital.gr/assets/images/doctors/doc08097338699.jpg,Επίσημη φωτογραφία προφίλ του ιατρού με ΑΜΚΑ 08097338699,Ιατρός,08097338699
https://www.hospital.gr/assets/images/doctors/doc27016538344.jpg,Επίσημη φωτογραφία προφίλ του ιατρού με ΑΜΚΑ 27016538344,Ιατρός,27016538344
https://www.hospital.gr/assets/images/doctors/doc19038209414.jpg,Επίσημη φωτογραφία προφίλ του ιατρού με ΑΜΚΑ 19038209414,Ιατρός,19038209414
https://www.hospital.gr/assets/images/doctors/doc04119372013.jpg,Επίσημη φωτογραφία προφίλ του ιατρού με ΑΜΚΑ 04119372013,Ιατρός,04119372013
https://www.hospital.gr/assets/images/doctors/doc26027420823.jpg,Επίσημη φωτογραφία προφίλ του ιατρού με ΑΜΚΑ 26027420823,Ιατρός,26027420823
https://www.hospital.gr/assets/images/doctors/doc19067764454.jpg,Επίσημη φωτογραφία προφίλ του ιατρού με ΑΜΚΑ 19067764454,Ιατρός,19067764454
https://www.hospital.gr/assets/images/doctors/doc27038876062.jpg,Επίσημη φωτογραφία προφίλ του ιατρού με ΑΜΚΑ 27038876062,Ιατρός,27038876062
https://www.hospital.gr/assets/images/doctors/doc29069575442.jpg,Επίσημη φωτογραφία προφίλ του ιατρού με ΑΜΚΑ 29069575442,Ιατρός,29069575442
https://www.hospital.gr/assets/images/doctors/doc12057413455.jpg,Επίσημη φωτογραφία προφίλ του ιατρού με ΑΜΚΑ 12057413455,Ιατρός,12057413455
https://www.hospital.gr/assets/images/doctors/doc06129398379.jpg,Επίσημη φωτογραφία προφίλ του ιατρού με ΑΜΚΑ 06129398379,Ιατρός,06129398379
https://www.hospital.gr/assets/images/doctors/doc04028115193.jpg,Επίσημη φωτογραφία προφίλ του ιατρού με ΑΜΚΑ 04028115193,Ιατρός,04028115193
https://www.hospital.gr/assets/images/doctors/doc23018735761.jpg,Επίσημη φωτογραφία προφίλ του ιατρού με ΑΜΚΑ 23018735761,Ιατρός,23018735761
https://www.hospital.gr/assets/images/doctors/doc05069279544.jpg,Επίσημη φωτογραφία προφίλ του ιατρού με ΑΜΚΑ 05069279544,Ιατρός,05069279544
https://www.hospital.gr/assets/images/doctors/doc21079047523.jpg,Επίσημη φωτογραφία προφίλ του ιατρού με ΑΜΚΑ 21079047523,Ιατρός,21079047523
https://www.hospital.gr/assets/images/doctors/doc14036730831.jpg,Επίσημη φωτογραφία προφίλ του ιατρού με ΑΜΚΑ 14036730831,Ιατρός,14036730831
https://www.hospital.gr/assets/images/doctors/doc18078628006.jpg,Επίσημη φωτογραφία προφίλ του ιατρού με ΑΜΚΑ 18078628006,Ιατρός,18078628006
https://www.hospital.gr/assets/images/doctors/doc01078222862.jpg,Επίσημη φωτογραφία προφίλ του ιατρού με ΑΜΚΑ 01078222862,Ιατρός,01078222862
https://www.hospital.gr/assets/images/doctors/doc28027843113.jpg,Επίσημη φωτογραφία προφίλ του ιατρού με ΑΜΚΑ 28027843113,Ιατρός,28027843113
https://www.hospital.gr/assets/images/doctors/doc27039198147.jpg,Επίσημη φωτογραφία προφίλ του ιατρού με ΑΜΚΑ 27039198147,Ιατρός,27039198147
https://www.hospital.gr/assets/images/doctors/doc03089789067.jpg,Επίσημη φωτογραφία προφίλ του ιατρού με ΑΜΚΑ 03089789067,Ιατρός,03089789067
https://www.hospital.gr/assets/images/doctors/doc04119239492.jpg,Επίσημη φωτογραφία προφίλ του ιατρού με ΑΜΚΑ 04119239492,Ιατρός,04119239492
https://www.hospital.gr/assets/images/doctors/doc08038064163.jpg,Επίσημη φωτογραφία προφίλ του ιατρού με ΑΜΚΑ 08038064163,Ιατρός,08038064163
https://www.hospital.gr/assets/images/doctors/doc18117707554.jpg,Επίσημη φωτογραφία προφίλ του ιατρού με ΑΜΚΑ 18117707554,Ιατρός,18117707554
https://www.hospital.gr/assets/images/doctors/doc20056259580.jpg,Επίσημη φωτογραφία προφίλ του ιατρού με ΑΜΚΑ 20056259580,Ιατρός,20056259580
https://www.hospital.gr/assets/images/doctors/doc06066504974.jpg,Επίσημη φωτογραφία προφίλ του ιατρού με ΑΜΚΑ 06066504974,Ιατρός,06066504974
https://www.hospital.gr/assets/images/doctors/doc16027098320.jpg,Επίσημη φωτογραφία προφίλ του ιατρού με ΑΜΚΑ 16027098320,Ιατρός,16027098320
https://www.hospital.gr/assets/images/doctors/doc14017779931.jpg,Επίσημη φωτογραφία προφίλ του ιατρού με ΑΜΚΑ 14017779931,Ιατρός,14017779931
https://www.hospital.gr/assets/images/doctors/doc06086096998.jpg,Επίσημη φωτογραφία προφίλ του ιατρού με ΑΜΚΑ 06086096998,Ιατρός,06086096998
https://www.hospital.gr/assets/images/doctors/doc02036898951.jpg,Επίσημη φωτογραφία προφίλ του ιατρού με ΑΜΚΑ 02036898951,Ιατρός,02036898951
https://www.hospital.gr/assets/images/doctors/doc28126455528.jpg,Επίσημη φωτογραφία προφίλ του ιατρού με ΑΜΚΑ 28126455528,Ιατρός,28126455528
https://www.hospital.gr/assets/images/doctors/doc24107406710.jpg,Επίσημη φωτογραφία προφίλ του ιατρού με ΑΜΚΑ 24107406710,Ιατρός,24107406710
https://www.hospital.gr/assets/images/doctors/doc07038155297.jpg,Επίσημη φωτογραφία προφίλ του ιατρού με ΑΜΚΑ 07038155297,Ιατρός,07038155297
https://www.hospital.gr/assets/images/doctors/doc24068366431.jpg,Επίσημη φωτογραφία προφίλ του ιατρού με ΑΜΚΑ 24068366431,Ιατρός,24068366431
https://www.hospital.gr/assets/images/doctors/doc26086400932.jpg,Επίσημη φωτογραφία προφίλ του ιατρού με ΑΜΚΑ 26086400932,Ιατρός,26086400932
https://www.hospital.gr/assets/images/doctors/doc03047170651.jpg,Επίσημη φωτογραφία προφίλ του ιατρού με ΑΜΚΑ 03047170651,Ιατρός,03047170651
https://www.hospital.gr/assets/images/doctors/doc01126898842.jpg,Επίσημη φωτογραφία προφίλ του ιατρού με ΑΜΚΑ 01126898842,Ιατρός,01126898842
https://www.hospital.gr/assets/images/doctors/doc01028453566.jpg,Επίσημη φωτογραφία προφίλ του ιατρού με ΑΜΚΑ 01028453566,Ιατρός,01028453566
https://www.hospital.gr/assets/images/doctors/doc27127004840.jpg,Επίσημη φωτογραφία προφίλ του ιατρού με ΑΜΚΑ 27127004840,Ιατρός,27127004840
https://www.hospital.gr/assets/images/doctors/doc22077399915.jpg,Επίσημη φωτογραφία προφίλ του ιατρού με ΑΜΚΑ 22077399915,Ιατρός,22077399915
https://www.hospital.gr/assets/images/doctors/doc03079784188.jpg,Επίσημη φωτογραφία προφίλ του ιατρού με ΑΜΚΑ 03079784188,Ιατρός,03079784188
https://www.hospital.gr/assets/images/doctors/doc29087896734.jpg,Επίσημη φωτογραφία προφίλ του ιατρού με ΑΜΚΑ 29087896734,Ιατρός,29087896734
https://www.hospital.gr/assets/images/doctors/doc17049454625.jpg,Επίσημη φωτογραφία προφίλ του ιατρού με ΑΜΚΑ 17049454625,Ιατρός,17049454625
https://www.hospital.gr/assets/images/doctors/doc15036205266.jpg,Επίσημη φωτογραφία προφίλ του ιατρού με ΑΜΚΑ 15036205266,Ιατρός,15036205266
https://www.hospital.gr/assets/images/doctors/doc27119559754.jpg,Επίσημη φωτογραφία προφίλ του ιατρού με ΑΜΚΑ 27119559754,Ιατρός,27119559754
https://www.hospital.gr/assets/images/doctors/doc06067129338.jpg,Επίσημη φωτογραφία προφίλ του ιατρού με ΑΜΚΑ 06067129338,Ιατρός,06067129338
https://www.hospital.gr/assets/images/doctors/doc07017002380.jpg,Επίσημη φωτογραφία προφίλ του ιατρού με ΑΜΚΑ 07017002380,Ιατρός,07017002380
https://www.hospital.gr/assets/images/doctors/doc04107581800.jpg,Επίσημη φωτογραφία προφίλ του ιατρού με ΑΜΚΑ 04107581800,Ιατρός,04107581800
https://www.hospital.gr/assets/images/doctors/doc10038736913.jpg,Επίσημη φωτογραφία προφίλ του ιατρού με ΑΜΚΑ 10038736913,Ιατρός,10038736913
https://www.hospital.gr/assets/images/doctors/doc07039120569.jpg,Επίσημη φωτογραφία προφίλ του ιατρού με ΑΜΚΑ 07039120569,Ιατρός,07039120569
https://www.hospital.gr/assets/images/doctors/doc23038301805.jpg,Επίσημη φωτογραφία προφίλ του ιατρού με ΑΜΚΑ 23038301805,Ιατρός,23038301805
https://www.hospital.gr/assets/images/doctors/doc02018629858.jpg,Επίσημη φωτογραφία προφίλ του ιατρού με ΑΜΚΑ 02018629858,Ιατρός,02018629858
https://www.hospital.gr/assets/images/doctors/doc21037222305.jpg,Επίσημη φωτογραφία προφίλ του ιατρού με ΑΜΚΑ 21037222305,Ιατρός,21037222305
https://www.hospital.gr/assets/images/doctors/doc21017629522.jpg,Επίσημη φωτογραφία προφίλ του ιατρού με ΑΜΚΑ 21017629522,Ιατρός,21017629522
https://www.hospital.gr/assets/images/doctors/doc25067343186.jpg,Επίσημη φωτογραφία προφίλ του ιατρού με ΑΜΚΑ 25067343186,Ιατρός,25067343186
https://www.hospital.gr/assets/images/doctors/doc13049573563.jpg,Επίσημη φωτογραφία προφίλ του ιατρού με ΑΜΚΑ 13049573563,Ιατρός,13049573563
https://www.hospital.gr/assets/images/doctors/doc19119585662.jpg,Επίσημη φωτογραφία προφίλ του ιατρού με ΑΜΚΑ 19119585662,Ιατρός,19119585662
https://www.hospital.gr/assets/images/doctors/doc04077053309.jpg,Επίσημη φωτογραφία προφίλ του ιατρού με ΑΜΚΑ 04077053309,Ιατρός,04077053309
https://www.hospital.gr/assets/images/doctors/doc16038345197.jpg,Επίσημη φωτογραφία προφίλ του ιατρού με ΑΜΚΑ 16038345197,Ιατρός,16038345197
https://www.hospital.gr/assets/images/doctors/doc16108629101.jpg,Επίσημη φωτογραφία προφίλ του ιατρού με ΑΜΚΑ 16108629101,Ιατρός,16108629101
https://www.hospital.gr/assets/images/doctors/doc18027242588.jpg,Επίσημη φωτογραφία προφίλ του ιατρού με ΑΜΚΑ 18027242588,Ιατρός,18027242588
https://www.hospital.gr/assets/images/doctors/doc30087210990.jpg,Επίσημη φωτογραφία προφίλ του ιατρού με ΑΜΚΑ 30087210990,Ιατρός,30087210990
https://www.hospital.gr/assets/images/doctors/doc12087368022.jpg,Επίσημη φωτογραφία προφίλ του ιατρού με ΑΜΚΑ 12087368022,Ιατρός,12087368022
https://www.hospital.gr/assets/images/doctors/doc26086295833.jpg,Επίσημη φωτογραφία προφίλ του ιατρού με ΑΜΚΑ 26086295833,Ιατρός,26086295833
https://www.hospital.gr/assets/images/doctors/doc01099600492.jpg,Επίσημη φωτογραφία προφίλ του ιατρού με ΑΜΚΑ 01099600492,Ιατρός,01099600492
https://www.hospital.gr/assets/images/doctors/doc14026323754.jpg,Επίσημη φωτογραφία προφίλ του ιατρού με ΑΜΚΑ 14026323754,Ιατρός,14026323754
https://www.hospital.gr/assets/images/doctors/doc19028204618.jpg,Επίσημη φωτογραφία προφίλ του ιατρού με ΑΜΚΑ 19028204618,Ιατρός,19028204618
https://www.hospital.gr/assets/images/doctors/doc24059714537.jpg,Επίσημη φωτογραφία προφίλ του ιατρού με ΑΜΚΑ 24059714537,Ιατρός,24059714537
https://www.hospital.gr/assets/images/doctors/doc29018720992.jpg,Επίσημη φωτογραφία προφίλ του ιατρού με ΑΜΚΑ 29018720992,Ιατρός,29018720992
https://www.hospital.gr/assets/images/doctors/doc01109198508.jpg,Επίσημη φωτογραφία προφίλ του ιατρού με ΑΜΚΑ 01109198508,Ιατρός,01109198508
https://www.hospital.gr/assets/images/doctors/doc06129006779.jpg,Επίσημη φωτογραφία προφίλ του ιατρού με ΑΜΚΑ 06129006779,Ιατρός,06129006779
https://www.hospital.gr/assets/images/doctors/doc16098922011.jpg,Επίσημη φωτογραφία προφίλ του ιατρού με ΑΜΚΑ 16098922011,Ιατρός,16098922011
https://www.hospital.gr/assets/images/doctors/doc07126830003.jpg,Επίσημη φωτογραφία προφίλ του ιατρού με ΑΜΚΑ 07126830003,Ιατρός,07126830003
https://www.hospital.gr/assets/images/doctors/doc18079137617.jpg,Επίσημη φωτογραφία προφίλ του ιατρού με ΑΜΚΑ 18079137617,Ιατρός,18079137617
https://www.hospital.gr/assets/images/doctors/doc25126627516.jpg,Επίσημη φωτογραφία προφίλ του ιατρού με ΑΜΚΑ 25126627516,Ιατρός,25126627516
https://www.hospital.gr/assets/images/doctors/doc05038245675.jpg,Επίσημη φωτογραφία προφίλ του ιατρού με ΑΜΚΑ 05038245675,Ιατρός,05038245675
https://www.hospital.gr/assets/images/doctors/doc10049377861.jpg,Επίσημη φωτογραφία προφίλ του ιατρού με ΑΜΚΑ 10049377861,Ιατρός,10049377861
https://www.hospital.gr/assets/images/doctors/doc07128933392.jpg,Επίσημη φωτογραφία προφίλ του ιατρού με ΑΜΚΑ 07128933392,Ιατρός,07128933392
https://www.hospital.gr/assets/images/doctors/doc03077355047.jpg,Επίσημη φωτογραφία προφίλ του ιατρού με ΑΜΚΑ 03077355047,Ιατρός,03077355047
https://www.hospital.gr/assets/images/doctors/doc09046647100.jpg,Επίσημη φωτογραφία προφίλ του ιατρού με ΑΜΚΑ 09046647100,Ιατρός,09046647100
https://www.hospital.gr/assets/images/doctors/doc19029442004.jpg,Επίσημη φωτογραφία προφίλ του ιατρού με ΑΜΚΑ 19029442004,Ιατρός,19029442004
https://www.hospital.gr/assets/images/doctors/doc20066498687.jpg,Επίσημη φωτογραφία προφίλ του ιατρού με ΑΜΚΑ 20066498687,Ιατρός,20066498687
https://www.hospital.gr/assets/images/doctors/doc29038506566.jpg,Επίσημη φωτογραφία προφίλ του ιατρού με ΑΜΚΑ 29038506566,Ιατρός,29038506566
https://www.hospital.gr/assets/images/doctors/doc24119277882.jpg,Επίσημη φωτογραφία προφίλ του ιατρού με ΑΜΚΑ 24119277882,Ιατρός,24119277882
https://www.hospital.gr/assets/images/doctors/doc14048983004.jpg,Επίσημη φωτογραφία προφίλ του ιατρού με ΑΜΚΑ 14048983004,Ιατρός,14048983004
https://www.hospital.gr/assets/images/doctors/doc23017282546.jpg,Επίσημη φωτογραφία προφίλ του ιατρού με ΑΜΚΑ 23017282546,Ιατρός,23017282546
https://www.hospital.gr/assets/images/doctors/doc22056473676.jpg,Επίσημη φωτογραφία προφίλ του ιατρού με ΑΜΚΑ 22056473676,Ιατρός,22056473676
https://www.hospital.gr/assets/images/doctors/doc04056123282.jpg,Επίσημη φωτογραφία προφίλ του ιατρού με ΑΜΚΑ 04056123282,Ιατρός,04056123282
https://www.hospital.gr/assets/images/doctors/doc15097845869.jpg,Επίσημη φωτογραφία προφίλ του ιατρού με ΑΜΚΑ 15097845869,Ιατρός,15097845869
https://www.hospital.gr/assets/images/doctors/doc19026775246.jpg,Επίσημη φωτογραφία προφίλ του ιατρού με ΑΜΚΑ 19026775246,Ιατρός,19026775246
https://www.hospital.gr/assets/images/doctors/doc15039665806.jpg,Επίσημη φωτογραφία προφίλ του ιατρού με ΑΜΚΑ 15039665806,Ιατρός,15039665806
https://www.hospital.gr/assets/images/doctors/doc28086691989.jpg,Επίσημη φωτογραφία προφίλ του ιατρού με ΑΜΚΑ 28086691989,Ιατρός,28086691989
https://www.hospital.gr/assets/images/doctors/doc28057037026.jpg,Επίσημη φωτογραφία προφίλ του ιατρού με ΑΜΚΑ 28057037026,Ιατρός,28057037026
https://www.hospital.gr/assets/images/doctors/doc24097463592.jpg,Επίσημη φωτογραφία προφίλ του ιατρού με ΑΜΚΑ 24097463592,Ιατρός,24097463592
https://www.hospital.gr/assets/images/doctors/doc18047974063.jpg,Επίσημη φωτογραφία προφίλ του ιατρού με ΑΜΚΑ 18047974063,Ιατρός,18047974063
https://www.hospital.gr/assets/images/doctors/doc03117001638.jpg,Επίσημη φωτογραφία προφίλ του ιατρού με ΑΜΚΑ 03117001638,Ιατρός,03117001638
https://www.hospital.gr/assets/images/doctors/doc11069420002.jpg,Επίσημη φωτογραφία προφίλ του ιατρού με ΑΜΚΑ 11069420002,Ιατρός,11069420002
https://www.hospital.gr/assets/images/doctors/doc08107948767.jpg,Επίσημη φωτογραφία προφίλ του ιατρού με ΑΜΚΑ 08107948767,Ιατρός,08107948767
https://www.hospital.gr/assets/images/doctors/doc01058889994.jpg,Επίσημη φωτογραφία προφίλ του ιατρού με ΑΜΚΑ 01058889994,Ιατρός,01058889994
https://www.hospital.gr/assets/images/doctors/doc22056024879.jpg,Επίσημη φωτογραφία προφίλ του ιατρού με ΑΜΚΑ 22056024879,Ιατρός,22056024879
https://www.hospital.gr/assets/images/doctors/doc04037503050.jpg,Επίσημη φωτογραφία προφίλ του ιατρού με ΑΜΚΑ 04037503050,Ιατρός,04037503050
https://www.hospital.gr/assets/images/doctors/doc24079369309.jpg,Επίσημη φωτογραφία προφίλ του ιατρού με ΑΜΚΑ 24079369309,Ιατρός,24079369309
https://www.hospital.gr/assets/images/doctors/doc19097671585.jpg,Επίσημη φωτογραφία προφίλ του ιατρού με ΑΜΚΑ 19097671585,Ιατρός,19097671585
https://www.hospital.gr/assets/images/doctors/doc23077968309.jpg,Επίσημη φωτογραφία προφίλ του ιατρού με ΑΜΚΑ 23077968309,Ιατρός,23077968309
https://www.hospital.gr/assets/images/doctors/doc19027744421.jpg,Επίσημη φωτογραφία προφίλ του ιατρού με ΑΜΚΑ 19027744421,Ιατρός,19027744421
https://www.hospital.gr/assets/images/doctors/doc24128760642.jpg,Επίσημη φωτογραφία προφίλ του ιατρού με ΑΜΚΑ 24128760642,Ιατρός,24128760642
https://www.hospital.gr/assets/images/doctors/doc11117481536.jpg,Επίσημη φωτογραφία προφίλ του ιατρού με ΑΜΚΑ 11117481536,Ιατρός,11117481536
https://www.hospital.gr/assets/images/doctors/doc20118029005.jpg,Επίσημη φωτογραφία προφίλ του ιατρού με ΑΜΚΑ 20118029005,Ιατρός,20118029005
https://www.hospital.gr/assets/images/doctors/doc14087685423.jpg,Επίσημη φωτογραφία προφίλ του ιατρού με ΑΜΚΑ 14087685423,Ιατρός,14087685423
https://www.hospital.gr/assets/images/doctors/doc02088557462.jpg,Επίσημη φωτογραφία προφίλ του ιατρού με ΑΜΚΑ 02088557462,Ιατρός,02088557462
https://www.hospital.gr/assets/images/doctors/doc27128879809.jpg,Επίσημη φωτογραφία προφίλ του ιατρού με ΑΜΚΑ 27128879809,Ιατρός,27128879809
https://www.hospital.gr/assets/images/doctors/doc17086545716.jpg,Επίσημη φωτογραφία προφίλ του ιατρού με ΑΜΚΑ 17086545716,Ιατρός,17086545716
https://www.hospital.gr/assets/images/doctors/doc15017994679.jpg,Επίσημη φωτογραφία προφίλ του ιατρού με ΑΜΚΑ 15017994679,Ιατρός,15017994679
https://www.hospital.gr/assets/images/doctors/doc16037267290.jpg,Επίσημη φωτογραφία προφίλ του ιατρού με ΑΜΚΑ 16037267290,Ιατρός,16037267290
https://www.hospital.gr/assets/images/doctors/doc07058449408.jpg,Επίσημη φωτογραφία προφίλ του ιατρού με ΑΜΚΑ 07058449408,Ιατρός,07058449408
https://www.hospital.gr/assets/images/doctors/doc21107446461.jpg,Επίσημη φωτογραφία προφίλ του ιατρού με ΑΜΚΑ 21107446461,Ιατρός,21107446461
https://www.hospital.gr/assets/images/doctors/doc30109708330.jpg,Επίσημη φωτογραφία προφίλ του ιατρού με ΑΜΚΑ 30109708330,Ιατρός,30109708330
https://www.hospital.gr/assets/images/doctors/doc27089112158.jpg,Επίσημη φωτογραφία προφίλ του ιατρού με ΑΜΚΑ 27089112158,Ιατρός,27089112158
https://www.hospital.gr/assets/images/doctors/doc27028634014.jpg,Επίσημη φωτογραφία προφίλ του ιατρού με ΑΜΚΑ 27028634014,Ιατρός,27028634014
https://www.hospital.gr/assets/images/doctors/doc22046863505.jpg,Επίσημη φωτογραφία προφίλ του ιατρού με ΑΜΚΑ 22046863505,Ιατρός,22046863505
https://www.hospital.gr/assets/images/doctors/doc13076963118.jpg,Επίσημη φωτογραφία προφίλ του ιατρού με ΑΜΚΑ 13076963118,Ιατρός,13076963118
https://www.hospital.gr/assets/images/doctors/doc03049115587.jpg,Επίσημη φωτογραφία προφίλ του ιατρού με ΑΜΚΑ 03049115587,Ιατρός,03049115587
https://www.hospital.gr/assets/images/doctors/doc15066445561.jpg,Επίσημη φωτογραφία προφίλ του ιατρού με ΑΜΚΑ 15066445561,Ιατρός,15066445561
https://www.hospital.gr/assets/images/doctors/doc04049765143.jpg,Επίσημη φωτογραφία προφίλ του ιατρού με ΑΜΚΑ 04049765143,Ιατρός,04049765143
https://www.hospital.gr/assets/images/doctors/doc02038186264.jpg,Επίσημη φωτογραφία προφίλ του ιατρού με ΑΜΚΑ 02038186264,Ιατρός,02038186264
https://www.hospital.gr/assets/images/doctors/doc02078022955.jpg,Επίσημη φωτογραφία προφίλ του ιατρού με ΑΜΚΑ 02078022955,Ιατρός,02078022955
https://www.hospital.gr/assets/images/doctors/doc19117034799.jpg,Επίσημη φωτογραφία προφίλ του ιατρού με ΑΜΚΑ 19117034799,Ιατρός,19117034799
https://www.hospital.gr/assets/images/doctors/doc03126963930.jpg,Επίσημη φωτογραφία προφίλ του ιατρού με ΑΜΚΑ 03126963930,Ιατρός,03126963930
https://www.hospital.gr/assets/images/doctors/doc01129618953.jpg,Επίσημη φωτογραφία προφίλ του ιατρού με ΑΜΚΑ 01129618953,Ιατρός,01129618953
https://www.hospital.gr/assets/images/doctors/doc02049297106.jpg,Επίσημη φωτογραφία προφίλ του ιατρού με ΑΜΚΑ 02049297106,Ιατρός,02049297106
https://www.hospital.gr/assets/images/doctors/doc23059304171.jpg,Επίσημη φωτογραφία προφίλ του ιατρού με ΑΜΚΑ 23059304171,Ιατρός,23059304171
https://www.hospital.gr/assets/images/doctors/doc28058685920.jpg,Επίσημη φωτογραφία προφίλ του ιατρού με ΑΜΚΑ 28058685920,Ιατρός,28058685920
https://www.hospital.gr/assets/images/doctors/doc05017393553.jpg,Επίσημη φωτογραφία προφίλ του ιατρού με ΑΜΚΑ 05017393553,Ιατρός,05017393553
https://www.hospital.gr/assets/images/doctors/doc20078593378.jpg,Επίσημη φωτογραφία προφίλ του ιατρού με ΑΜΚΑ 20078593378,Ιατρός,20078593378
https://www.hospital.gr/assets/images/doctors/doc25059138149.jpg,Επίσημη φωτογραφία προφίλ του ιατρού με ΑΜΚΑ 25059138149,Ιατρός,25059138149
https://www.hospital.gr/assets/images/doctors/doc31128168449.jpg,Επίσημη φωτογραφία προφίλ του ιατρού με ΑΜΚΑ 31128168449,Ιατρός,31128168449
https://www.hospital.gr/assets/images/doctors/doc26119233090.jpg,Επίσημη φωτογραφία προφίλ του ιατρού με ΑΜΚΑ 26119233090,Ιατρός,26119233090
https://www.hospital.gr/assets/images/doctors/doc18046450046.jpg,Επίσημη φωτογραφία προφίλ του ιατρού με ΑΜΚΑ 18046450046,Ιατρός,18046450046
https://www.hospital.gr/assets/images/doctors/doc25108359031.jpg,Επίσημη φωτογραφία προφίλ του ιατρού με ΑΜΚΑ 25108359031,Ιατρός,25108359031
https://www.hospital.gr/assets/images/doctors/doc23018017465.jpg,Επίσημη φωτογραφία προφίλ του ιατρού με ΑΜΚΑ 23018017465,Ιατρός,23018017465
https://www.hospital.gr/assets/images/doctors/doc21036855841.jpg,Επίσημη φωτογραφία προφίλ του ιατρού με ΑΜΚΑ 21036855841,Ιατρός,21036855841
https://www.hospital.gr/assets/images/doctors/doc20018969312.jpg,Επίσημη φωτογραφία προφίλ του ιατρού με ΑΜΚΑ 20018969312,Ιατρός,20018969312
https://www.hospital.gr/assets/images/doctors/doc25108939007.jpg,Επίσημη φωτογραφία προφίλ του ιατρού με ΑΜΚΑ 25108939007,Ιατρός,25108939007
https://www.hospital.gr/assets/images/doctors/doc13106968050.jpg,Επίσημη φωτογραφία προφίλ του ιατρού με ΑΜΚΑ 13106968050,Ιατρός,13106968050
https://www.hospital.gr/assets/images/doctors/doc15068993499.jpg,Επίσημη φωτογραφία προφίλ του ιατρού με ΑΜΚΑ 15068993499,Ιατρός,15068993499
https://www.hospital.gr/assets/images/doctors/doc23099549068.jpg,Επίσημη φωτογραφία προφίλ του ιατρού με ΑΜΚΑ 23099549068,Ιατρός,23099549068
https://www.hospital.gr/assets/images/doctors/doc06056298788.jpg,Επίσημη φωτογραφία προφίλ του ιατρού με ΑΜΚΑ 06056298788,Ιατρός,06056298788
https://www.hospital.gr/assets/images/doctors/doc31077414694.jpg,Επίσημη φωτογραφία προφίλ του ιατρού με ΑΜΚΑ 31077414694,Ιατρός,31077414694
https://www.hospital.gr/assets/images/doctors/doc18067010293.jpg,Επίσημη φωτογραφία προφίλ του ιατρού με ΑΜΚΑ 18067010293,Ιατρός,18067010293
https://www.hospital.gr/assets/images/doctors/doc02077108433.jpg,Επίσημη φωτογραφία προφίλ του ιατρού με ΑΜΚΑ 02077108433,Ιατρός,02077108433
https://www.hospital.gr/assets/images/doctors/doc10097761798.jpg,Επίσημη φωτογραφία προφίλ του ιατρού με ΑΜΚΑ 10097761798,Ιατρός,10097761798
https://www.hospital.gr/assets/images/doctors/doc03067202384.jpg,Επίσημη φωτογραφία προφίλ του ιατρού με ΑΜΚΑ 03067202384,Ιατρός,03067202384
https://www.hospital.gr/assets/images/doctors/doc05118656775.jpg,Επίσημη φωτογραφία προφίλ του ιατρού με ΑΜΚΑ 05118656775,Ιατρός,05118656775
https://www.hospital.gr/assets/images/doctors/doc15087602276.jpg,Επίσημη φωτογραφία προφίλ του ιατρού με ΑΜΚΑ 15087602276,Ιατρός,15087602276
https://www.hospital.gr/assets/images/doctors/doc27057330784.jpg,Επίσημη φωτογραφία προφίλ του ιατρού με ΑΜΚΑ 27057330784,Ιατρός,27057330784
https://www.hospital.gr/assets/images/doctors/doc13087594481.jpg,Επίσημη φωτογραφία προφίλ του ιατρού με ΑΜΚΑ 13087594481,Ιατρός,13087594481
https://www.hospital.gr/assets/images/doctors/doc22066909048.jpg,Επίσημη φωτογραφία προφίλ του ιατρού με ΑΜΚΑ 22066909048,Ιατρός,22066909048
https://www.hospital.gr/assets/images/doctors/doc28088884090.jpg,Επίσημη φωτογραφία προφίλ του ιατρού με ΑΜΚΑ 28088884090,Ιατρός,28088884090
https://www.hospital.gr/assets/images/doctors/doc09058303960.jpg,Επίσημη φωτογραφία προφίλ του ιατρού με ΑΜΚΑ 09058303960,Ιατρός,09058303960
https://www.hospital.gr/assets/images/doctors/doc06028417733.jpg,Επίσημη φωτογραφία προφίλ του ιατρού με ΑΜΚΑ 06028417733,Ιατρός,06028417733
https://www.hospital.gr/assets/images/doctors/doc11019480682.jpg,Επίσημη φωτογραφία προφίλ του ιατρού με ΑΜΚΑ 11019480682,Ιατρός,11019480682
https://www.hospital.gr/assets/images/doctors/doc16129514595.jpg,Επίσημη φωτογραφία προφίλ του ιατρού με ΑΜΚΑ 16129514595,Ιατρός,16129514595
https://www.hospital.gr/assets/images/doctors/doc24116199023.jpg,Επίσημη φωτογραφία προφίλ του ιατρού με ΑΜΚΑ 24116199023,Ιατρός,24116199023
https://www.hospital.gr/assets/images/doctors/doc26076648963.jpg,Επίσημη φωτογραφία προφίλ του ιατρού με ΑΜΚΑ 26076648963,Ιατρός,26076648963
https://www.hospital.gr/assets/images/doctors/doc07077598311.jpg,Επίσημη φωτογραφία προφίλ του ιατρού με ΑΜΚΑ 07077598311,Ιατρός,07077598311
https://www.hospital.gr/assets/images/doctors/doc12057155300.jpg,Επίσημη φωτογραφία προφίλ του ιατρού με ΑΜΚΑ 12057155300,Ιατρός,12057155300
https://www.hospital.gr/assets/images/doctors/doc07127401967.jpg,Επίσημη φωτογραφία προφίλ του ιατρού με ΑΜΚΑ 07127401967,Ιατρός,07127401967
https://www.hospital.gr/assets/images/doctors/doc19109063851.jpg,Επίσημη φωτογραφία προφίλ του ιατρού με ΑΜΚΑ 19109063851,Ιατρός,19109063851
https://www.hospital.gr/assets/images/doctors/doc17059777666.jpg,Επίσημη φωτογραφία προφίλ του ιατρού με ΑΜΚΑ 17059777666,Ιατρός,17059777666
https://www.hospital.gr/assets/images/doctors/doc25098689646.jpg,Επίσημη φωτογραφία προφίλ του ιατρού με ΑΜΚΑ 25098689646,Ιατρός,25098689646
https://www.hospital.gr/assets/images/doctors/doc04097289185.jpg,Επίσημη φωτογραφία προφίλ του ιατρού με ΑΜΚΑ 04097289185,Ιατρός,04097289185
https://www.hospital.gr/assets/images/doctors/doc28068899789.jpg,Επίσημη φωτογραφία προφίλ του ιατρού με ΑΜΚΑ 28068899789,Ιατρός,28068899789
https://www.hospital.gr/assets/images/doctors/doc19049805360.jpg,Επίσημη φωτογραφία προφίλ του ιατρού με ΑΜΚΑ 19049805360,Ιατρός,19049805360
https://www.hospital.gr/assets/images/doctors/doc31056169071.jpg,Επίσημη φωτογραφία προφίλ του ιατρού με ΑΜΚΑ 31056169071,Ιατρός,31056169071
https://www.hospital.gr/assets/images/doctors/doc01048115081.jpg,Επίσημη φωτογραφία προφίλ του ιατρού με ΑΜΚΑ 01048115081,Ιατρός,01048115081
https://www.hospital.gr/assets/images/doctors/doc31127128715.jpg,Επίσημη φωτογραφία προφίλ του ιατρού με ΑΜΚΑ 31127128715,Ιατρός,31127128715
https://www.hospital.gr/assets/images/doctors/doc25078560613.jpg,Επίσημη φωτογραφία προφίλ του ιατρού με ΑΜΚΑ 25078560613,Ιατρός,25078560613
https://www.hospital.gr/assets/images/doctors/doc30076480256.jpg,Επίσημη φωτογραφία προφίλ του ιατρού με ΑΜΚΑ 30076480256,Ιατρός,30076480256
https://www.hospital.gr/assets/images/doctors/doc14117875826.jpg,Επίσημη φωτογραφία προφίλ του ιατρού με ΑΜΚΑ 14117875826,Ιατρός,14117875826
https://www.hospital.gr/assets/images/doctors/doc31087386956.jpg,Επίσημη φωτογραφία προφίλ του ιατρού με ΑΜΚΑ 31087386956,Ιατρός,31087386956
https://www.hospital.gr/assets/images/doctors/doc18038419704.jpg,Επίσημη φωτογραφία προφίλ του ιατρού με ΑΜΚΑ 18038419704,Ιατρός,18038419704
https://www.hospital.gr/assets/images/doctors/doc06067270098.jpg,Επίσημη φωτογραφία προφίλ του ιατρού με ΑΜΚΑ 06067270098,Ιατρός,06067270098
https://www.hospital.gr/assets/images/doctors/doc17098211492.jpg,Επίσημη φωτογραφία προφίλ του ιατρού με ΑΜΚΑ 17098211492,Ιατρός,17098211492
https://www.hospital.gr/assets/images/doctors/doc15128940931.jpg,Επίσημη φωτογραφία προφίλ του ιατρού με ΑΜΚΑ 15128940931,Ιατρός,15128940931
https://www.hospital.gr/assets/images/departments/%7Bsafe_name%7D.jpg,Άποψη των εγκαταστάσεων του τμήματος: Καρδιολογία,Τμήμα,Καρδιολογία
https://www.hospital.gr/assets/images/departments/%7Bsafe_name%7D.jpg,Άποψη των εγκαταστάσεων του τμήματος: Χειρουργική,Τμήμα,Χειρουργική
https://www.hospital.gr/assets/images/departments/%7Bsafe_name%7D.jpg,Άποψη των εγκαταστάσεων του τμήματος: ΜΕΘ,Τμήμα,ΜΕΘ
https://www.hospital.gr/assets/images/departments/%7Bsafe_name%7D.jpg,Άποψη των εγκαταστάσεων του τμήματος: Επείγοντα,Τμήμα,Επείγοντα
https://www.hospital.gr/assets/images/departments/%7Bsafe_name%7D.jpg,Άποψη των εγκαταστάσεων του τμήματος: Ορθοπεδική,Τμήμα,Ορθοπεδική
https://www.hospital.gr/assets/images/departments/%7Bsafe_name%7D.jpg,Άποψη των εγκαταστάσεων του τμήματος: Παιδιατρική,Τμήμα,Παιδιατρική
https://www.hospital.gr/assets/images/departments/%7Bsafe_name%7D.jpg,Άποψη των εγκαταστάσεων του τμήματος: Γυναικολογία,Τμήμα,Γυναικολογία
https://www.hospital.gr/assets/images/departments/%7Bsafe_name%7D.jpg,Άποψη των εγκαταστάσεων του τμήματος: Νευρολογία,Τμήμα,Νευρολογία
https://www.hospital.gr/assets/images/departments/%7Bsafe_name%7D.jpg,Άποψη των εγκαταστάσεων του τμήματος: Ογκολογία,Τμήμα,Ογκολογία
https://www.hospital.gr/assets/images/departments/%7Bsafe_name%7D.jpg,Άποψη των εγκαταστάσεων του τμήματος: Πνευμονολογία,Τμήμα,Πνευμονολογία
https://www.hospital.gr/assets/images/departments/%7Bsafe_name%7D.jpg,Άποψη των εγκαταστάσεων του τμήματος: Ουρολογία,Τμήμα,Ουρολογία
https://www.hospital.gr/assets/images/departments/%7Bsafe_name%7D.jpg,Άποψη των εγκαταστάσεων του τμήματος: Οφθαλμολογία,Τμήμα,Οφθαλμολογία
https://www.hospital.gr/assets/images/departments/%7Bsafe_name%7D.jpg,Άποψη των εγκαταστάσεων του τμήματος: ΩΡΛ,Τμήμα,ΩΡΛ
https://www.hospital.gr/assets/images/departments/%7Bsafe_name%7D.jpg,Άποψη των εγκαταστάσεων του τμήματος: Γαστρεντερολογία,Τμήμα,Γαστρεντερολογία
https://www.hospital.gr/assets/images/departments/%7Bsafe_name%7D.jpg,Άποψη των εγκαταστάσεων του τμήματος: Ενδοκρινολογία,Τμήμα,Ενδοκρινολογία
https://www.hospital.gr/assets/images/equipment/%7Beq_id%7D.jpg,Ιατρικός εξοπλισμός: Μαγνητικός Τομογράφος,Εξοπλισμός,MRI_01
https://www.hospital.gr/assets/images/equipment/%7Beq_id%7D.jpg,Ιατρικός εξοπλισμός: Αξονικός Τομογράφος,Εξοπλισμός,CT_02
https://www.hospital.gr/assets/images/equipment/%7Beq_id%7D.jpg,Ιατρικός εξοπλισμός: Μηχάνημα Υπερήχων,Εξοπλισμός,US_03
